maintenance_ID,performed_on,next_due,description
1,2024-05-22,2024-09-02,Quisque porta volutpat erat.
2,2024-05-19,2024-08-29,Aenean lectus. Pellentesque eget nunc.
3,2025-02-11,2025-07-26,Etiam justo.
4,2024-07-19,2024-11-17,Nulla justo.
5,2024-11-21,2025-05-05,In hac habitasse platea dictumst.
6,2025-01-01,2025-03-08,Etiam pretium iaculis justo. In hac habitasse platea dictumst.
7,2024-06-18,2024-08-25,Donec posuere metus vitae ipsum. Aliquam non mauris.
8,2024-08-05,2024-11-22,Nulla facilisi.
9,2024-07-05,2024-12-08,Etiam justo. Etiam pretium iaculis justo.
10,2025-01-29,2025-05-22,"Cum sociis natoque penatibus et magnis dis parturient montes, nascetur ridiculus mus."
11,2024-08-23,2025-02-19,Donec posuere metus vitae ipsum.
12,2024-11-13,2025-03-26,Vestibulum sed magna at nunc commodo placerat.
13,2024-10-04,2025-03-10,"Donec diam neque, vestibulum eget, vulputate ut, ultrices vel, augue."
14,2024-10-29,2025-04-24,Curabitur convallis.
15,2024-06-16,2024-10-17,"Integer non velit. Donec diam neque, vestibulum eget, vulputate ut, ultrices vel, augue."
16,2024-11-19,2025-04-13,Suspendisse potenti. Cras in purus eu magna vulputate luctus.
17,2024-05-13,2024-07-13,Proin risus.
18,2024-09-27,2025-01-05,Duis ac nibh.
19,2024-09-12,2024-12-29,"Nam ultrices, libero non mattis pulvinar, nulla pede ullamcorper augue, a suscipit nulla elit ac nulla."
20,2025-03-15,2025-08-26,"Donec diam neque, vestibulum eget, vulputate ut, ultrices vel, augue."
21,2024-05-14,2024-10-15,"Morbi ut odio. Cras mi pede, malesuada in, imperdiet et, commodo vulputate, justo."
22,2024-12-06,2025-03-24,Morbi porttitor lorem id ligula.
23,2024-04-25,2024-07-05,Etiam justo. Etiam pretium iaculis justo.
24,2025-04-03,2025-07-02,Nulla facilisi. Cras non velit nec nisi vulputate nonummy.
25,2025-02-20,2025-07-22,"Phasellus id sapien in sapien iaculis congue. Vivamus metus arcu, adipiscing molestie, hendrerit at, vulputate vitae, nisl."
26,2024-06-06,2024-08-14,Duis consequat dui nec nisi volutpat eleifend. Donec ut dolor.
27,2024-08-30,2024-12-03,"Lorem ipsum dolor sit amet, consectetuer adipiscing elit."
28,2024-05-05,2024-07-25,"Morbi vel lectus in quam fringilla rhoncus. Mauris enim leo, rhoncus sed, vestibulum sit amet, cursus id, turpis."
29,2025-01-21,2025-06-23,Phasellus id sapien in sapien iaculis congue.
30,2024-08-23,2025-02-13,Maecenas rhoncus aliquam lacus. Morbi quis tortor id nulla ultrices aliquet.
31,2024-12-13,2025-06-04,Mauris sit amet eros.
32,2025-03-20,2025-07-15,Vivamus in felis eu sapien cursus vestibulum. Proin eu mi.
33,2025-02-06,2025-04-23,"Morbi sem mauris, laoreet ut, rhoncus aliquet, pulvinar sed, nisl. Nunc rhoncus dui vel sem."
34,2025-01-07,2025-03-16,"Integer aliquet, massa id lobortis convallis, tortor risus dapibus augue, vel accumsan tellus nisi eu orci. Mauris lacinia sapien quis libero."
35,2024-08-25,2025-02-15,"Morbi odio odio, elementum eu, interdum eu, tincidunt in, leo. Maecenas pulvinar lobortis est."
36,2025-03-09,2025-09-05,Vestibulum ante ipsum primis in faucibus orci luctus et ultrices posuere cubilia Curae; Mauris viverra diam vitae quam. Suspendisse potenti.
37,2024-05-03,2024-07-31,Cras in purus eu magna vulputate luctus.
38,2024-07-09,2024-09-19,Pellentesque eget nunc. Donec quis orci eget orci vehicula condimentum.
39,2024-08-05,2024-12-07,"Nam congue, risus semper porta volutpat, quam pede lobortis ligula, sit amet eleifend pede libero quis orci. Nullam molestie nibh in lectus."
40,2024-08-27,2024-11-01,Aenean fermentum.
41,2025-01-04,2025-06-20,Vivamus tortor. Duis mattis egestas metus.
42,2024-04-23,2024-10-14,Maecenas tincidunt lacus at velit.
43,2024-12-04,2025-03-10,Quisque porta volutpat erat.
44,2024-06-21,2024-08-28,Aenean fermentum. Donec ut mauris eget massa tempor convallis.
45,2025-04-02,2025-06-07,Phasellus id sapien in sapien iaculis congue.
46,2025-03-05,2025-05-27,Aenean auctor gravida sem. Praesent id massa id nisl venenatis lacinia.
47,2024-08-14,2024-12-08,"In blandit ultrices enim. Lorem ipsum dolor sit amet, consectetuer adipiscing elit."
48,2024-05-16,2024-09-03,Maecenas pulvinar lobortis est.
49,2024-05-17,2024-09-07,Maecenas tincidunt lacus at velit.
50,2025-01-05,2025-06-15,"Suspendisse ornare consequat lectus. In est risus, auctor sed, tristique in, tempus sit amet, sem."
51,2024-08-29,2025-01-25,Suspendisse accumsan tortor quis turpis.
52,2024-06-25,2024-11-03,"Duis bibendum, felis sed interdum venenatis, turpis enim blandit mi, in porttitor pede justo eu massa. Donec dapibus."
53,2025-03-02,2025-06-08,"Maecenas leo odio, condimentum id, luctus nec, molestie sed, justo."
54,2024-05-25,2024-08-01,Nam tristique tortor eu pede.
55,2024-10-31,2025-02-01,Nullam molestie nibh in lectus. Pellentesque at nulla.
56,2024-06-08,2024-08-29,Proin eu mi.
57,2025-03-21,2025-06-18,Aenean auctor gravida sem.
58,2025-04-09,2025-07-11,"Integer pede justo, lacinia eget, tincidunt eget, tempus vel, pede. Morbi porttitor lorem id ligula."
59,2024-04-25,2024-08-17,Sed ante.
60,2024-09-09,2025-02-05,"Nam congue, risus semper porta volutpat, quam pede lobortis ligula, sit amet eleifend pede libero quis orci. Nullam molestie nibh in lectus."
61,2024-11-08,2025-05-01,Phasellus in felis. Donec semper sapien a libero.
62,2025-02-05,2025-04-24,Integer ac neque. Duis bibendum.
63,2024-06-20,2024-10-14,In hac habitasse platea dictumst.
64,2024-08-23,2024-11-29,"Sed sagittis. Nam congue, risus semper porta volutpat, quam pede lobortis ligula, sit amet eleifend pede libero quis orci."
65,2025-02-04,2025-04-14,Vivamus tortor.
66,2024-09-01,2024-11-03,Suspendisse ornare consequat lectus.
67,2024-07-01,2024-11-16,Donec quis orci eget orci vehicula condimentum. Curabitur in libero ut massa volutpat convallis.
68,2025-02-26,2025-07-07,Etiam vel augue. Vestibulum rutrum rutrum neque.
69,2024-10-08,2024-12-10,Aenean fermentum.
70,2024-10-20,2025-01-22,Morbi porttitor lorem id ligula. Suspendisse ornare consequat lectus.
71,2025-02-04,2025-05-12,Duis bibendum. Morbi non quam nec dui luctus rutrum.
72,2025-03-15,2025-06-03,In congue. Etiam justo.
73,2024-07-31,2024-11-02,Nulla facilisi. Cras non velit nec nisi vulputate nonummy.
74,2024-07-03,2024-10-31,"Integer non velit. Donec diam neque, vestibulum eget, vulputate ut, ultrices vel, augue."
75,2024-12-02,2025-02-10,Donec ut dolor.
76,2024-12-25,2025-06-03,Nullam sit amet turpis elementum ligula vehicula consequat.
77,2024-09-05,2025-01-29,Vestibulum ante ipsum primis in faucibus orci luctus et ultrices posuere cubilia Curae; Duis faucibus accumsan odio.
78,2025-03-05,2025-05-21,In hac habitasse platea dictumst.
79,2024-08-22,2025-02-18,"Aliquam sit amet diam in magna bibendum imperdiet. Nullam orci pede, venenatis non, sodales sed, tincidunt eu, felis."
80,2024-11-21,2025-02-22,In hac habitasse platea dictumst. Etiam faucibus cursus urna.
81,2024-12-27,2025-05-24,Integer tincidunt ante vel ipsum.
82,2024-11-30,2025-02-21,Curabitur at ipsum ac tellus semper interdum.
83,2024-12-07,2025-02-10,"Vestibulum ante ipsum primis in faucibus orci luctus et ultrices posuere cubilia Curae; Donec pharetra, magna vestibulum aliquet ultrices, erat tortor sollicitudin mi, sit amet lobortis sapien sapien non mi. Integer ac neque."
84,2024-07-23,2024-11-21,Vestibulum ante ipsum primis in faucibus orci luctus et ultrices posuere cubilia Curae; Duis faucibus accumsan odio.
85,2024-06-13,2024-08-20,"Donec vitae nisi. Nam ultrices, libero non mattis pulvinar, nulla pede ullamcorper augue, a suscipit nulla elit ac nulla."
86,2024-07-16,2024-12-31,Morbi a ipsum.
87,2024-10-12,2024-12-12,Curabitur at ipsum ac tellus semper interdum. Mauris ullamcorper purus sit amet nulla.
88,2024-07-14,2024-12-27,"In blandit ultrices enim. Lorem ipsum dolor sit amet, consectetuer adipiscing elit."
89,2024-07-17,2024-09-25,Integer tincidunt ante vel ipsum.
90,2024-09-25,2024-12-01,"Phasellus id sapien in sapien iaculis congue. Vivamus metus arcu, adipiscing molestie, hendrerit at, vulputate vitae, nisl."
91,2024-06-02,2024-11-12,"In tempor, turpis nec euismod scelerisque, quam turpis adipiscing lorem, vitae mattis nibh ligula nec sem. Duis aliquam convallis nunc."
92,2024-07-26,2024-12-08,Proin risus.
93,2024-04-22,2024-07-14,"Nam dui. Proin leo odio, porttitor id, consequat in, consequat ut, nulla."
94,2025-02-11,2025-04-19,Nulla tellus. In sagittis dui vel nisl.
95,2024-08-16,2024-12-06,"Cum sociis natoque penatibus et magnis dis parturient montes, nascetur ridiculus mus."
96,2024-06-26,2024-11-22,"Morbi sem mauris, laoreet ut, rhoncus aliquet, pulvinar sed, nisl."
97,2025-01-22,2025-04-25,Vestibulum ante ipsum primis in faucibus orci luctus et ultrices posuere cubilia Curae; Duis faucibus accumsan odio. Curabitur convallis.
98,2024-08-29,2024-11-16,Maecenas ut massa quis augue luctus tincidunt.
99,2024-04-20,2024-08-02,Aliquam quis turpis eget elit sodales scelerisque. Mauris sit amet eros.
100,2025-01-13,2025-04-03,Integer ac neque. Duis bibendum.
101,2025-02-03,2025-07-21,Aliquam quis turpis eget elit sodales scelerisque.
102,2024-09-25,2025-02-12,Integer a nibh.
103,2024-07-02,2024-12-22,Duis consequat dui nec nisi volutpat eleifend. Donec ut dolor.
104,2024-09-02,2025-01-03,Maecenas rhoncus aliquam lacus. Morbi quis tortor id nulla ultrices aliquet.
105,2025-03-12,2025-08-07,Cras non velit nec nisi vulputate nonummy. Maecenas tincidunt lacus at velit.
106,2025-02-13,2025-05-18,"Vestibulum ante ipsum primis in faucibus orci luctus et ultrices posuere cubilia Curae; Donec pharetra, magna vestibulum aliquet ultrices, erat tortor sollicitudin mi, sit amet lobortis sapien sapien non mi."
107,2025-02-19,2025-08-16,"Morbi odio odio, elementum eu, interdum eu, tincidunt in, leo."
108,2025-03-02,2025-07-29,"Cum sociis natoque penatibus et magnis dis parturient montes, nascetur ridiculus mus."
109,2024-05-08,2024-09-09,Proin eu mi. Nulla ac enim.
110,2024-10-13,2025-01-18,Nullam molestie nibh in lectus.
111,2025-01-27,2025-05-06,"Maecenas leo odio, condimentum id, luctus nec, molestie sed, justo."
112,2024-07-12,2024-12-31,"In tempor, turpis nec euismod scelerisque, quam turpis adipiscing lorem, vitae mattis nibh ligula nec sem. Duis aliquam convallis nunc."
113,2024-08-16,2025-02-06,Nullam porttitor lacus at turpis. Donec posuere metus vitae ipsum.
114,2024-06-24,2024-11-19,"Nulla neque libero, convallis eget, eleifend luctus, ultricies eu, nibh. Quisque id justo sit amet sapien dignissim vestibulum."
115,2024-12-26,2025-05-26,"Nullam orci pede, venenatis non, sodales sed, tincidunt eu, felis. Fusce posuere felis sed lacus."
116,2024-05-21,2024-10-10,Nulla facilisi.
117,2025-01-03,2025-04-04,Praesent blandit lacinia erat.
118,2024-05-31,2024-08-04,Donec quis orci eget orci vehicula condimentum.
119,2024-07-10,2024-09-29,Suspendisse ornare consequat lectus.
120,2024-10-21,2025-04-05,Nulla suscipit ligula in lacus. Curabitur at ipsum ac tellus semper interdum.
121,2024-07-28,2024-10-04,Duis aliquam convallis nunc. Proin at turpis a pede posuere nonummy.
122,2024-11-06,2025-01-13,Sed vel enim sit amet nunc viverra dapibus. Nulla suscipit ligula in lacus.
123,2024-06-04,2024-09-04,Mauris sit amet eros. Suspendisse accumsan tortor quis turpis.
124,2024-08-12,2025-01-03,"Cras mi pede, malesuada in, imperdiet et, commodo vulputate, justo. In blandit ultrices enim."
125,2024-07-12,2024-11-30,"Vestibulum ante ipsum primis in faucibus orci luctus et ultrices posuere cubilia Curae; Nulla dapibus dolor vel est. Donec odio justo, sollicitudin ut, suscipit a, feugiat et, eros."
126,2025-04-08,2025-09-15,Aenean fermentum.
127,2024-08-28,2024-10-31,Proin interdum mauris non ligula pellentesque ultrices.
128,2024-05-10,2024-09-01,Duis aliquam convallis nunc.
129,2024-04-23,2024-09-04,Morbi a ipsum.
130,2024-04-21,2024-09-29,Ut tellus. Nulla ut erat id mauris vulputate elementum.
131,2024-09-21,2025-02-23,"Donec diam neque, vestibulum eget, vulputate ut, ultrices vel, augue."
132,2025-01-20,2025-05-11,Nullam molestie nibh in lectus.
133,2024-09-20,2025-02-04,Phasellus in felis. Donec semper sapien a libero.
134,2024-09-14,2024-12-25,Nulla ut erat id mauris vulputate elementum. Nullam varius.
135,2024-09-01,2025-01-23,"Nam nulla. Integer pede justo, lacinia eget, tincidunt eget, tempus vel, pede."
136,2024-12-23,2025-06-02,Pellentesque viverra pede ac diam. Cras pellentesque volutpat dui.
137,2024-04-25,2024-09-08,"Vestibulum ante ipsum primis in faucibus orci luctus et ultrices posuere cubilia Curae; Donec pharetra, magna vestibulum aliquet ultrices, erat tortor sollicitudin mi, sit amet lobortis sapien sapien non mi. Integer ac neque."
138,2025-03-27,2025-07-07,"Fusce lacus purus, aliquet at, feugiat non, pretium quis, lectus."
139,2024-10-10,2025-01-13,Vestibulum rutrum rutrum neque. Aenean auctor gravida sem.
140,2024-10-13,2025-03-13,Duis ac nibh.
141,2024-11-25,2025-02-28,"Fusce lacus purus, aliquet at, feugiat non, pretium quis, lectus."
142,2025-01-18,2025-05-25,Praesent lectus.
143,2025-03-26,2025-08-19,Nullam molestie nibh in lectus. Pellentesque at nulla.
144,2024-09-22,2025-03-08,Integer tincidunt ante vel ipsum. Praesent blandit lacinia erat.
145,2024-08-12,2024-11-09,Pellentesque eget nunc. Donec quis orci eget orci vehicula condimentum.
146,2024-08-20,2025-01-10,Maecenas pulvinar lobortis est. Phasellus sit amet erat.
147,2024-10-14,2025-03-05,"Fusce congue, diam id ornare imperdiet, sapien urna pretium nisl, ut volutpat sapien arcu sed augue."
148,2025-01-01,2025-04-24,Nam nulla.
149,2024-11-27,2025-02-28,"Aliquam augue quam, sollicitudin vitae, consectetuer eget, rutrum at, lorem. Integer tincidunt ante vel ipsum."
150,2025-01-02,2025-05-12,"Integer aliquet, massa id lobortis convallis, tortor risus dapibus augue, vel accumsan tellus nisi eu orci. Mauris lacinia sapien quis libero."
151,2024-05-10,2024-10-02,"Nam ultrices, libero non mattis pulvinar, nulla pede ullamcorper augue, a suscipit nulla elit ac nulla. Sed vel enim sit amet nunc viverra dapibus."
152,2025-02-28,2025-05-31,Morbi non lectus. Aliquam sit amet diam in magna bibendum imperdiet.
153,2024-12-28,2025-05-04,"Donec diam neque, vestibulum eget, vulputate ut, ultrices vel, augue. Vestibulum ante ipsum primis in faucibus orci luctus et ultrices posuere cubilia Curae; Donec pharetra, magna vestibulum aliquet ultrices, erat tortor sollicitudin mi, sit amet lobortis sapien sapien non mi."
154,2024-08-05,2024-10-30,"Integer pede justo, lacinia eget, tincidunt eget, tempus vel, pede."
155,2025-03-01,2025-05-14,"Nam nulla. Integer pede justo, lacinia eget, tincidunt eget, tempus vel, pede."
156,2024-05-29,2024-10-03,"Nam dui. Proin leo odio, porttitor id, consequat in, consequat ut, nulla."
157,2025-02-10,2025-05-14,Mauris ullamcorper purus sit amet nulla.
158,2024-10-17,2025-03-27,"Vestibulum ante ipsum primis in faucibus orci luctus et ultrices posuere cubilia Curae; Nulla dapibus dolor vel est. Donec odio justo, sollicitudin ut, suscipit a, feugiat et, eros."
159,2024-09-21,2024-12-14,Etiam faucibus cursus urna.
160,2024-08-29,2024-12-23,"Morbi quis tortor id nulla ultrices aliquet. Maecenas leo odio, condimentum id, luctus nec, molestie sed, justo."
161,2025-03-03,2025-06-01,Duis at velit eu est congue elementum.
162,2024-10-18,2025-01-10,Duis aliquam convallis nunc. Proin at turpis a pede posuere nonummy.
163,2024-07-13,2024-11-26,Cras pellentesque volutpat dui.
164,2024-10-21,2025-02-25,"In tempor, turpis nec euismod scelerisque, quam turpis adipiscing lorem, vitae mattis nibh ligula nec sem."
165,2025-04-08,2025-06-29,Vivamus vestibulum sagittis sapien.
166,2024-07-27,2024-09-30,Fusce posuere felis sed lacus.
167,2024-06-10,2024-08-27,Integer ac leo.
168,2024-12-28,2025-05-16,Praesent blandit lacinia erat.
169,2024-04-22,2024-08-04,"Fusce lacus purus, aliquet at, feugiat non, pretium quis, lectus."
170,2025-02-26,2025-08-01,Vestibulum ante ipsum primis in faucibus orci luctus et ultrices posuere cubilia Curae; Duis faucibus accumsan odio.
171,2025-04-18,2025-09-26,"Cras mi pede, malesuada in, imperdiet et, commodo vulputate, justo."
172,2024-07-20,2024-12-18,Nulla suscipit ligula in lacus.
173,2024-10-24,2025-01-26,Aliquam quis turpis eget elit sodales scelerisque. Mauris sit amet eros.
174,2024-08-15,2024-10-24,Nullam sit amet turpis elementum ligula vehicula consequat. Morbi a ipsum.
175,2024-12-21,2025-04-29,"In hac habitasse platea dictumst. Aliquam augue quam, sollicitudin vitae, consectetuer eget, rutrum at, lorem."
176,2024-04-23,2024-07-01,Quisque id justo sit amet sapien dignissim vestibulum. Vestibulum ante ipsum primis in faucibus orci luctus et ultrices posuere cubilia Curae; Nulla dapibus dolor vel est.
177,2024-07-29,2024-12-08,"Cras mi pede, malesuada in, imperdiet et, commodo vulputate, justo. In blandit ultrices enim."
178,2024-06-16,2024-12-11,Duis bibendum.
179,2025-02-01,2025-04-27,Nulla tempus.
180,2024-12-08,2025-04-03,Duis consequat dui nec nisi volutpat eleifend.
181,2025-02-18,2025-08-15,"Aliquam augue quam, sollicitudin vitae, consectetuer eget, rutrum at, lorem."
182,2024-11-19,2025-04-02,"Vestibulum quam sapien, varius ut, blandit non, interdum in, ante."
183,2025-02-04,2025-05-01,Donec semper sapien a libero.
184,2025-02-24,2025-07-25,In hac habitasse platea dictumst.
185,2024-09-02,2025-02-03,"Vivamus metus arcu, adipiscing molestie, hendrerit at, vulputate vitae, nisl."
186,2024-08-08,2025-01-18,Nulla nisl. Nunc nisl.
187,2024-07-20,2024-10-21,Proin risus. Praesent lectus.
188,2024-10-17,2025-03-09,Maecenas rhoncus aliquam lacus. Morbi quis tortor id nulla ultrices aliquet.
189,2025-01-10,2025-04-12,Duis bibendum.
190,2024-09-19,2025-03-04,Curabitur convallis.
191,2025-02-28,2025-07-15,"Aliquam augue quam, sollicitudin vitae, consectetuer eget, rutrum at, lorem. Integer tincidunt ante vel ipsum."
192,2024-09-04,2024-12-31,"In tempor, turpis nec euismod scelerisque, quam turpis adipiscing lorem, vitae mattis nibh ligula nec sem."
193,2024-06-23,2024-10-28,Aenean fermentum.
194,2024-07-18,2024-11-26,Aliquam erat volutpat. In congue.
195,2024-08-23,2025-01-07,"Cras mi pede, malesuada in, imperdiet et, commodo vulputate, justo. In blandit ultrices enim."
196,2024-11-09,2025-01-20,"Quisque erat eros, viverra eget, congue eget, semper rutrum, nulla."
197,2024-05-26,2024-10-16,Cras non velit nec nisi vulputate nonummy. Maecenas tincidunt lacus at velit.
198,2025-02-04,2025-05-24,Nulla facilisi.
199,2025-03-04,2025-08-22,Cras in purus eu magna vulputate luctus.
200,2024-06-15,2024-10-30,In congue. Etiam justo.
201,2024-05-10,2024-07-20,Aliquam erat volutpat. In congue.
202,2024-04-23,2024-09-20,Etiam faucibus cursus urna. Ut tellus.
203,2025-02-12,2025-06-04,Donec semper sapien a libero.
204,2025-01-15,2025-07-04,"Vivamus vestibulum sagittis sapien. Cum sociis natoque penatibus et magnis dis parturient montes, nascetur ridiculus mus."
205,2024-06-24,2024-09-09,"Curabitur in libero ut massa volutpat convallis. Morbi odio odio, elementum eu, interdum eu, tincidunt in, leo."
206,2024-05-09,2024-08-18,Nulla mollis molestie lorem. Quisque ut erat.
207,2024-05-13,2024-08-29,"Proin leo odio, porttitor id, consequat in, consequat ut, nulla."
208,2024-09-11,2024-12-24,Aliquam quis turpis eget elit sodales scelerisque.
209,2024-05-12,2024-08-10,Integer ac leo. Pellentesque ultrices mattis odio.
210,2025-03-21,2025-05-25,"Fusce congue, diam id ornare imperdiet, sapien urna pretium nisl, ut volutpat sapien arcu sed augue."
211,2024-11-24,2025-04-17,Praesent blandit. Nam nulla.
212,2025-01-30,2025-05-14,Donec ut dolor.
213,2024-06-05,2024-09-20,"Vivamus metus arcu, adipiscing molestie, hendrerit at, vulputate vitae, nisl. Aenean lectus."
214,2024-05-19,2024-08-26,Praesent id massa id nisl venenatis lacinia.
215,2025-02-21,2025-06-07,Phasellus sit amet erat. Nulla tempus.
216,2024-08-01,2024-10-01,Nulla suscipit ligula in lacus.
217,2025-04-15,2025-08-28,"Phasellus id sapien in sapien iaculis congue. Vivamus metus arcu, adipiscing molestie, hendrerit at, vulputate vitae, nisl."
218,2024-05-08,2024-08-14,Etiam pretium iaculis justo.
219,2024-08-19,2025-02-08,Mauris sit amet eros. Suspendisse accumsan tortor quis turpis.
220,2024-08-18,2024-12-07,Aenean sit amet justo.
221,2025-01-03,2025-03-16,Curabitur in libero ut massa volutpat convallis.
222,2025-02-28,2025-06-16,Integer ac neque. Duis bibendum.
223,2024-04-30,2024-08-23,Pellentesque ultrices mattis odio. Donec vitae nisi.
224,2024-09-21,2024-12-20,Sed sagittis.
225,2024-07-11,2024-10-18,In congue.
226,2025-01-07,2025-05-03,In hac habitasse platea dictumst.
227,2025-01-10,2025-03-15,Vestibulum rutrum rutrum neque.
228,2025-01-08,2025-03-28,Aenean auctor gravida sem. Praesent id massa id nisl venenatis lacinia.
229,2024-08-04,2024-10-26,Vestibulum ante ipsum primis in faucibus orci luctus et ultrices posuere cubilia Curae; Duis faucibus accumsan odio.
230,2025-03-04,2025-05-22,Curabitur convallis.
231,2025-01-31,2025-04-09,"Morbi vestibulum, velit id pretium iaculis, diam erat fermentum justo, nec condimentum neque sapien placerat ante."
232,2024-10-23,2025-02-23,"Cras mi pede, malesuada in, imperdiet et, commodo vulputate, justo. In blandit ultrices enim."
233,2025-01-14,2025-05-03,"Donec vitae nisi. Nam ultrices, libero non mattis pulvinar, nulla pede ullamcorper augue, a suscipit nulla elit ac nulla."
234,2024-11-21,2025-04-02,"In tempor, turpis nec euismod scelerisque, quam turpis adipiscing lorem, vitae mattis nibh ligula nec sem."
235,2024-07-23,2025-01-06,Vestibulum ante ipsum primis in faucibus orci luctus et ultrices posuere cubilia Curae; Nulla dapibus dolor vel est.
236,2024-12-22,2025-06-16,In sagittis dui vel nisl.
237,2024-10-01,2025-01-15,Ut tellus.
238,2024-06-07,2024-10-22,Quisque id justo sit amet sapien dignissim vestibulum. Vestibulum ante ipsum primis in faucibus orci luctus et ultrices posuere cubilia Curae; Nulla dapibus dolor vel est.
239,2024-12-22,2025-04-24,Duis mattis egestas metus. Aenean fermentum.
240,2024-07-04,2024-10-02,Phasellus sit amet erat. Nulla tempus.
241,2024-07-21,2024-12-10,"Cum sociis natoque penatibus et magnis dis parturient montes, nascetur ridiculus mus."
242,2025-02-28,2025-06-26,Morbi non lectus. Aliquam sit amet diam in magna bibendum imperdiet.
243,2024-10-16,2025-01-18,Suspendisse potenti.
244,2025-01-18,2025-07-17,"Proin leo odio, porttitor id, consequat in, consequat ut, nulla."
245,2024-12-06,2025-03-28,"Vivamus vestibulum sagittis sapien. Cum sociis natoque penatibus et magnis dis parturient montes, nascetur ridiculus mus."
246,2025-01-31,2025-05-03,"Vivamus metus arcu, adipiscing molestie, hendrerit at, vulputate vitae, nisl."
247,2025-01-30,2025-05-29,Nullam porttitor lacus at turpis.
248,2025-01-04,2025-04-17,"Maecenas leo odio, condimentum id, luctus nec, molestie sed, justo. Pellentesque viverra pede ac diam."
249,2024-12-15,2025-02-22,"Quisque arcu libero, rutrum ac, lobortis vel, dapibus at, diam."
250,2025-01-02,2025-05-19,Nulla tempus. Vivamus in felis eu sapien cursus vestibulum.
251,2024-04-27,2024-09-14,"Vestibulum quam sapien, varius ut, blandit non, interdum in, ante."
252,2025-02-11,2025-04-22,Aliquam non mauris. Morbi non lectus.
253,2024-09-07,2025-02-03,"Vestibulum ante ipsum primis in faucibus orci luctus et ultrices posuere cubilia Curae; Nulla dapibus dolor vel est. Donec odio justo, sollicitudin ut, suscipit a, feugiat et, eros."
254,2024-11-17,2025-04-26,"Quisque erat eros, viverra eget, congue eget, semper rutrum, nulla. Nunc purus."
255,2024-12-06,2025-05-31,Integer ac leo.
256,2024-05-23,2024-09-03,"Duis ac nibh. Fusce lacus purus, aliquet at, feugiat non, pretium quis, lectus."
257,2025-04-06,2025-07-03,"Fusce congue, diam id ornare imperdiet, sapien urna pretium nisl, ut volutpat sapien arcu sed augue."
258,2024-06-24,2024-11-24,Fusce consequat. Nulla nisl.
259,2024-07-27,2025-01-14,"Nam ultrices, libero non mattis pulvinar, nulla pede ullamcorper augue, a suscipit nulla elit ac nulla."
260,2025-04-07,2025-07-24,"Morbi quis tortor id nulla ultrices aliquet. Maecenas leo odio, condimentum id, luctus nec, molestie sed, justo."
261,2024-05-28,2024-11-17,Fusce consequat. Nulla nisl.
262,2024-06-21,2024-11-23,"Proin leo odio, porttitor id, consequat in, consequat ut, nulla."
263,2024-12-28,2025-06-10,Morbi porttitor lorem id ligula.
264,2024-08-11,2025-01-18,"Integer pede justo, lacinia eget, tincidunt eget, tempus vel, pede. Morbi porttitor lorem id ligula."
265,2025-03-17,2025-09-04,Ut at dolor quis odio consequat varius.
266,2025-01-24,2025-07-16,"Maecenas tristique, est et tempus semper, est quam pharetra magna, ac consequat metus sapien ut nunc. Vestibulum ante ipsum primis in faucibus orci luctus et ultrices posuere cubilia Curae; Mauris viverra diam vitae quam."
267,2025-01-09,2025-04-16,"Nullam orci pede, venenatis non, sodales sed, tincidunt eu, felis."
268,2025-02-08,2025-07-01,In eleifend quam a odio. In hac habitasse platea dictumst.
269,2024-09-28,2025-03-09,Etiam faucibus cursus urna. Ut tellus.
270,2024-11-19,2025-02-08,Proin risus. Praesent lectus.
271,2025-04-12,2025-08-08,Morbi non lectus.
272,2024-10-05,2024-12-05,Donec dapibus.
273,2024-07-31,2024-11-06,Nulla mollis molestie lorem. Quisque ut erat.
274,2024-10-25,2025-01-14,Morbi non lectus. Aliquam sit amet diam in magna bibendum imperdiet.
275,2024-06-28,2024-09-27,Nulla tempus.
276,2025-04-04,2025-08-08,"Nulla neque libero, convallis eget, eleifend luctus, ultricies eu, nibh."
277,2025-04-08,2025-07-30,"Fusce congue, diam id ornare imperdiet, sapien urna pretium nisl, ut volutpat sapien arcu sed augue."
278,2024-08-28,2025-01-30,Nullam sit amet turpis elementum ligula vehicula consequat. Morbi a ipsum.
279,2024-08-06,2024-12-28,Donec vitae nisi.
280,2024-10-08,2024-12-29,"Lorem ipsum dolor sit amet, consectetuer adipiscing elit."
281,2025-02-28,2025-08-21,"Nam ultrices, libero non mattis pulvinar, nulla pede ullamcorper augue, a suscipit nulla elit ac nulla."
282,2024-08-28,2024-11-02,"Lorem ipsum dolor sit amet, consectetuer adipiscing elit."
283,2024-09-21,2024-12-28,"Donec vitae nisi. Nam ultrices, libero non mattis pulvinar, nulla pede ullamcorper augue, a suscipit nulla elit ac nulla."
284,2024-07-19,2025-01-12,Duis aliquam convallis nunc.
285,2025-01-03,2025-06-06,Morbi quis tortor id nulla ultrices aliquet.
286,2024-10-28,2025-03-24,Nulla facilisi.
287,2024-12-26,2025-03-26,Pellentesque ultrices mattis odio.
288,2024-12-15,2025-02-19,"Sed sagittis. Nam congue, risus semper porta volutpat, quam pede lobortis ligula, sit amet eleifend pede libero quis orci."
289,2024-08-03,2025-01-30,Nunc purus. Phasellus in felis.
290,2025-02-02,2025-05-04,Vestibulum ante ipsum primis in faucibus orci luctus et ultrices posuere cubilia Curae; Mauris viverra diam vitae quam. Suspendisse potenti.
291,2024-11-15,2025-01-22,Duis ac nibh.
292,2025-02-27,2025-08-20,Integer ac leo. Pellentesque ultrices mattis odio.
293,2024-10-09,2025-03-31,Proin risus. Praesent lectus.
294,2024-05-14,2024-09-15,Donec posuere metus vitae ipsum. Aliquam non mauris.
295,2025-01-13,2025-04-09,Curabitur in libero ut massa volutpat convallis.
296,2024-08-26,2024-12-04,Suspendisse ornare consequat lectus.
297,2024-05-27,2024-09-04,"Morbi vel lectus in quam fringilla rhoncus. Mauris enim leo, rhoncus sed, vestibulum sit amet, cursus id, turpis."
298,2024-05-09,2024-09-19,"In blandit ultrices enim. Lorem ipsum dolor sit amet, consectetuer adipiscing elit."
299,2024-07-17,2024-10-21,"Cum sociis natoque penatibus et magnis dis parturient montes, nascetur ridiculus mus."
300,2024-08-08,2024-12-10,Nunc purus.
301,2024-09-21,2025-01-06,Aliquam quis turpis eget elit sodales scelerisque.
302,2024-09-20,2025-03-08,Nulla facilisi. Cras non velit nec nisi vulputate nonummy.
303,2024-04-28,2024-07-15,"Quisque arcu libero, rutrum ac, lobortis vel, dapibus at, diam."
304,2024-11-07,2025-05-06,Nulla suscipit ligula in lacus. Curabitur at ipsum ac tellus semper interdum.
305,2024-05-12,2024-10-28,Vestibulum ante ipsum primis in faucibus orci luctus et ultrices posuere cubilia Curae; Duis faucibus accumsan odio.
306,2025-02-10,2025-07-19,Cras pellentesque volutpat dui.
307,2025-03-10,2025-09-05,Integer tincidunt ante vel ipsum.
308,2024-07-29,2025-01-16,Integer a nibh.
309,2024-10-01,2025-03-22,Maecenas tincidunt lacus at velit.
310,2025-03-28,2025-05-29,"Vestibulum quam sapien, varius ut, blandit non, interdum in, ante. Vestibulum ante ipsum primis in faucibus orci luctus et ultrices posuere cubilia Curae; Duis faucibus accumsan odio."
311,2024-05-29,2024-08-16,Fusce consequat. Nulla nisl.
312,2024-08-26,2024-12-03,In hac habitasse platea dictumst.
313,2025-02-28,2025-08-15,Proin interdum mauris non ligula pellentesque ultrices. Phasellus id sapien in sapien iaculis congue.
314,2024-08-26,2025-01-30,Suspendisse ornare consequat lectus.
315,2024-08-15,2025-01-10,Nulla nisl. Nunc nisl.
316,2024-12-29,2025-06-08,"Cras pellentesque volutpat dui. Maecenas tristique, est et tempus semper, est quam pharetra magna, ac consequat metus sapien ut nunc."
317,2025-01-31,2025-05-06,Proin interdum mauris non ligula pellentesque ultrices.
318,2024-07-17,2024-10-09,"Integer aliquet, massa id lobortis convallis, tortor risus dapibus augue, vel accumsan tellus nisi eu orci."
319,2025-04-05,2025-09-20,"Fusce posuere felis sed lacus. Morbi sem mauris, laoreet ut, rhoncus aliquet, pulvinar sed, nisl."
320,2025-03-22,2025-05-27,"In blandit ultrices enim. Lorem ipsum dolor sit amet, consectetuer adipiscing elit."
321,2024-07-13,2024-12-19,"Vivamus metus arcu, adipiscing molestie, hendrerit at, vulputate vitae, nisl."
322,2024-12-11,2025-02-10,"Donec odio justo, sollicitudin ut, suscipit a, feugiat et, eros. Vestibulum ac est lacinia nisi venenatis tristique."
323,2025-03-29,2025-09-10,Mauris lacinia sapien quis libero. Nullam sit amet turpis elementum ligula vehicula consequat.
324,2025-02-23,2025-05-12,Proin eu mi. Nulla ac enim.
325,2024-12-18,2025-03-18,Vivamus tortor. Duis mattis egestas metus.
326,2024-05-07,2024-10-12,Nulla suscipit ligula in lacus.
327,2024-09-08,2024-11-22,"Donec odio justo, sollicitudin ut, suscipit a, feugiat et, eros."
328,2024-11-07,2025-03-16,Aenean auctor gravida sem. Praesent id massa id nisl venenatis lacinia.
329,2024-10-09,2024-12-18,In sagittis dui vel nisl. Duis ac nibh.
330,2025-03-05,2025-05-13,Sed accumsan felis.
331,2024-07-31,2024-10-28,Vivamus in felis eu sapien cursus vestibulum.
332,2024-08-07,2024-12-16,Vestibulum ante ipsum primis in faucibus orci luctus et ultrices posuere cubilia Curae; Mauris viverra diam vitae quam. Suspendisse potenti.
333,2024-08-15,2025-01-11,Vestibulum ante ipsum primis in faucibus orci luctus et ultrices posuere cubilia Curae; Mauris viverra diam vitae quam.
334,2024-06-27,2024-11-21,Pellentesque eget nunc. Donec quis orci eget orci vehicula condimentum.
335,2024-07-01,2024-12-25,"Morbi quis tortor id nulla ultrices aliquet. Maecenas leo odio, condimentum id, luctus nec, molestie sed, justo."
336,2024-10-12,2025-01-06,Integer tincidunt ante vel ipsum.
337,2024-08-30,2024-12-20,Curabitur gravida nisi at nibh. In hac habitasse platea dictumst.
338,2025-02-06,2025-05-10,Etiam pretium iaculis justo.
339,2024-05-25,2024-11-20,"Mauris ullamcorper purus sit amet nulla. Quisque arcu libero, rutrum ac, lobortis vel, dapibus at, diam."
340,2025-02-16,2025-05-22,"Vestibulum quam sapien, varius ut, blandit non, interdum in, ante. Vestibulum ante ipsum primis in faucibus orci luctus et ultrices posuere cubilia Curae; Duis faucibus accumsan odio."
341,2025-02-24,2025-07-23,Curabitur gravida nisi at nibh. In hac habitasse platea dictumst.
342,2024-11-27,2025-03-13,"Fusce lacus purus, aliquet at, feugiat non, pretium quis, lectus."
343,2024-04-30,2024-09-16,Nunc nisl.
344,2024-08-28,2025-02-15,Vestibulum ante ipsum primis in faucibus orci luctus et ultrices posuere cubilia Curae; Mauris viverra diam vitae quam. Suspendisse potenti.
345,2025-02-28,2025-05-09,"Phasellus id sapien in sapien iaculis congue. Vivamus metus arcu, adipiscing molestie, hendrerit at, vulputate vitae, nisl."
346,2024-08-15,2024-10-23,Nunc purus.
347,2025-03-13,2025-06-13,Nam dui.
348,2025-01-19,2025-03-22,Vivamus in felis eu sapien cursus vestibulum. Proin eu mi.
349,2024-10-30,2025-03-02,Sed ante. Vivamus tortor.
350,2024-10-14,2024-12-29,Cras in purus eu magna vulputate luctus.
351,2025-02-11,2025-05-27,"Vestibulum ac est lacinia nisi venenatis tristique. Fusce congue, diam id ornare imperdiet, sapien urna pretium nisl, ut volutpat sapien arcu sed augue."
352,2025-01-14,2025-05-27,Pellentesque viverra pede ac diam. Cras pellentesque volutpat dui.
353,2025-03-12,2025-06-30,"Nam congue, risus semper porta volutpat, quam pede lobortis ligula, sit amet eleifend pede libero quis orci. Nullam molestie nibh in lectus."
354,2024-06-10,2024-11-02,"Curabitur in libero ut massa volutpat convallis. Morbi odio odio, elementum eu, interdum eu, tincidunt in, leo."
355,2024-10-04,2025-02-10,Suspendisse accumsan tortor quis turpis.
356,2024-05-21,2024-10-24,"Cum sociis natoque penatibus et magnis dis parturient montes, nascetur ridiculus mus. Vivamus vestibulum sagittis sapien."
357,2024-09-26,2025-03-16,"Vivamus metus arcu, adipiscing molestie, hendrerit at, vulputate vitae, nisl."
358,2024-06-08,2024-12-03,Morbi non quam nec dui luctus rutrum.
359,2024-08-01,2024-10-17,Curabitur at ipsum ac tellus semper interdum.
360,2024-05-19,2024-08-05,Sed sagittis.
361,2025-04-05,2025-06-23,Aenean auctor gravida sem. Praesent id massa id nisl venenatis lacinia.
362,2024-11-01,2025-02-25,Pellentesque ultrices mattis odio. Donec vitae nisi.
363,2024-05-28,2024-09-26,Vestibulum ante ipsum primis in faucibus orci luctus et ultrices posuere cubilia Curae; Duis faucibus accumsan odio.
364,2024-05-28,2024-11-19,Duis ac nibh.
365,2024-09-25,2024-12-16,Vestibulum ac est lacinia nisi venenatis tristique.
366,2025-04-18,2025-07-21,Aenean sit amet justo. Morbi ut odio.
367,2025-03-20,2025-07-29,In sagittis dui vel nisl.
368,2024-05-24,2024-08-01,Nulla facilisi.
369,2024-09-10,2024-11-13,"Integer pede justo, lacinia eget, tincidunt eget, tempus vel, pede. Morbi porttitor lorem id ligula."
370,2024-11-01,2025-04-14,Vivamus in felis eu sapien cursus vestibulum. Proin eu mi.
371,2024-12-14,2025-04-23,Suspendisse potenti. Nullam porttitor lacus at turpis.
372,2025-03-06,2025-08-12,Duis at velit eu est congue elementum.
373,2024-05-21,2024-08-30,Aenean fermentum.
374,2024-09-10,2025-03-09,Nullam varius. Nulla facilisi.
375,2024-12-30,2025-04-11,Nullam sit amet turpis elementum ligula vehicula consequat.
376,2025-01-29,2025-07-01,Aenean fermentum.
377,2024-12-02,2025-02-03,In hac habitasse platea dictumst.
378,2024-08-26,2024-10-31,Sed ante.
379,2024-04-25,2024-10-06,In hac habitasse platea dictumst.
380,2025-01-20,2025-04-09,"Nulla neque libero, convallis eget, eleifend luctus, ultricies eu, nibh. Quisque id justo sit amet sapien dignissim vestibulum."
381,2025-03-06,2025-07-09,Etiam justo. Etiam pretium iaculis justo.
382,2025-04-01,2025-07-28,Aenean lectus.
383,2024-04-24,2024-07-29,Aenean sit amet justo.
384,2024-10-14,2025-03-16,"Cras mi pede, malesuada in, imperdiet et, commodo vulputate, justo. In blandit ultrices enim."
385,2024-06-22,2024-11-19,Aenean fermentum. Donec ut mauris eget massa tempor convallis.
386,2024-08-15,2024-11-03,Duis bibendum. Morbi non quam nec dui luctus rutrum.
387,2024-11-10,2025-01-21,Nullam sit amet turpis elementum ligula vehicula consequat. Morbi a ipsum.
388,2024-09-02,2025-03-01,Aenean sit amet justo.
389,2024-08-11,2025-01-14,"Cras mi pede, malesuada in, imperdiet et, commodo vulputate, justo. In blandit ultrices enim."
390,2024-12-26,2025-05-17,"Quisque arcu libero, rutrum ac, lobortis vel, dapibus at, diam. Nam tristique tortor eu pede."
391,2025-03-14,2025-07-01,"Fusce congue, diam id ornare imperdiet, sapien urna pretium nisl, ut volutpat sapien arcu sed augue. Aliquam erat volutpat."
392,2024-09-20,2024-12-01,"Vivamus vestibulum sagittis sapien. Cum sociis natoque penatibus et magnis dis parturient montes, nascetur ridiculus mus."
393,2024-06-07,2024-09-11,"Fusce congue, diam id ornare imperdiet, sapien urna pretium nisl, ut volutpat sapien arcu sed augue."
394,2024-10-15,2025-03-31,"Fusce congue, diam id ornare imperdiet, sapien urna pretium nisl, ut volutpat sapien arcu sed augue."
395,2024-06-13,2024-11-18,Sed ante. Vivamus tortor.
396,2025-02-26,2025-08-07,"Cum sociis natoque penatibus et magnis dis parturient montes, nascetur ridiculus mus."
397,2025-02-25,2025-05-06,Pellentesque eget nunc.
398,2024-11-28,2025-02-20,"Sed sagittis. Nam congue, risus semper porta volutpat, quam pede lobortis ligula, sit amet eleifend pede libero quis orci."
399,2024-06-19,2024-09-08,Suspendisse potenti.
400,2025-01-07,2025-04-29,Cras in purus eu magna vulputate luctus.
401,2024-11-13,2025-05-05,"Nam dui. Proin leo odio, porttitor id, consequat in, consequat ut, nulla."
402,2024-12-08,2025-03-30,"Morbi quis tortor id nulla ultrices aliquet. Maecenas leo odio, condimentum id, luctus nec, molestie sed, justo."
403,2024-12-12,2025-03-12,Vestibulum sed magna at nunc commodo placerat.
404,2024-06-24,2024-09-26,"Cras mi pede, malesuada in, imperdiet et, commodo vulputate, justo."
405,2024-09-03,2024-11-23,Quisque ut erat. Curabitur gravida nisi at nibh.
406,2024-05-22,2024-10-13,"Lorem ipsum dolor sit amet, consectetuer adipiscing elit. Proin risus."
407,2024-12-06,2025-04-24,Aenean lectus. Pellentesque eget nunc.
408,2024-08-07,2024-11-20,Vestibulum ante ipsum primis in faucibus orci luctus et ultrices posuere cubilia Curae; Duis faucibus accumsan odio. Curabitur convallis.
409,2024-08-26,2025-02-20,"Integer pede justo, lacinia eget, tincidunt eget, tempus vel, pede."
410,2025-01-13,2025-04-14,"Maecenas tristique, est et tempus semper, est quam pharetra magna, ac consequat metus sapien ut nunc."
411,2024-11-14,2025-05-10,Integer ac leo.
412,2024-08-16,2025-01-02,Nullam molestie nibh in lectus.
413,2024-11-07,2025-02-08,"Donec odio justo, sollicitudin ut, suscipit a, feugiat et, eros."
414,2024-12-02,2025-02-22,"Maecenas tristique, est et tempus semper, est quam pharetra magna, ac consequat metus sapien ut nunc."
415,2025-02-10,2025-04-27,Quisque ut erat. Curabitur gravida nisi at nibh.
416,2024-09-13,2024-11-20,Integer ac neque. Duis bibendum.
417,2024-12-27,2025-05-14,Phasellus id sapien in sapien iaculis congue.
418,2024-09-27,2025-02-28,Donec quis orci eget orci vehicula condimentum. Curabitur in libero ut massa volutpat convallis.
419,2024-10-21,2025-03-01,Curabitur gravida nisi at nibh. In hac habitasse platea dictumst.
420,2024-10-11,2025-02-17,Cras in purus eu magna vulputate luctus.
421,2024-07-15,2024-09-21,Nulla tellus. In sagittis dui vel nisl.
422,2024-11-30,2025-04-27,In eleifend quam a odio. In hac habitasse platea dictumst.
423,2025-04-17,2025-07-17,Mauris ullamcorper purus sit amet nulla.
424,2024-11-20,2025-04-04,"Nulla neque libero, convallis eget, eleifend luctus, ultricies eu, nibh."
425,2024-06-26,2024-11-28,Aenean sit amet justo.
426,2024-10-06,2025-02-07,Proin at turpis a pede posuere nonummy. Integer non velit.
427,2024-09-25,2024-12-29,Maecenas tincidunt lacus at velit. Vivamus vel nulla eget eros elementum pellentesque.
428,2024-11-19,2025-04-19,"Cras mi pede, malesuada in, imperdiet et, commodo vulputate, justo."
429,2024-12-31,2025-05-30,"Cras pellentesque volutpat dui. Maecenas tristique, est et tempus semper, est quam pharetra magna, ac consequat metus sapien ut nunc."
430,2025-01-16,2025-03-28,Fusce consequat.
431,2025-01-22,2025-04-07,"Mauris enim leo, rhoncus sed, vestibulum sit amet, cursus id, turpis. Integer aliquet, massa id lobortis convallis, tortor risus dapibus augue, vel accumsan tellus nisi eu orci."
432,2024-10-01,2025-02-23,Aenean fermentum. Donec ut mauris eget massa tempor convallis.
433,2024-05-24,2024-09-11,Praesent blandit. Nam nulla.
434,2024-05-21,2024-07-28,Pellentesque viverra pede ac diam.
435,2024-11-11,2025-04-13,"Morbi ut odio. Cras mi pede, malesuada in, imperdiet et, commodo vulputate, justo."
436,2024-08-08,2024-12-17,"Vestibulum ante ipsum primis in faucibus orci luctus et ultrices posuere cubilia Curae; Donec pharetra, magna vestibulum aliquet ultrices, erat tortor sollicitudin mi, sit amet lobortis sapien sapien non mi."
437,2025-01-24,2025-07-10,Ut tellus. Nulla ut erat id mauris vulputate elementum.
438,2024-08-28,2025-01-04,Suspendisse potenti. Nullam porttitor lacus at turpis.
439,2024-09-06,2024-11-29,Integer a nibh.
440,2024-11-03,2025-04-29,Quisque id justo sit amet sapien dignissim vestibulum.
441,2025-01-16,2025-06-15,Vivamus in felis eu sapien cursus vestibulum. Proin eu mi.
442,2025-01-24,2025-05-19,Praesent lectus.
443,2024-05-30,2024-09-08,Vestibulum sed magna at nunc commodo placerat. Praesent blandit.
444,2024-12-02,2025-02-14,Nulla nisl.
445,2024-04-27,2024-09-04,Nulla suscipit ligula in lacus.
446,2024-08-14,2024-12-11,"Cum sociis natoque penatibus et magnis dis parturient montes, nascetur ridiculus mus. Vivamus vestibulum sagittis sapien."
447,2025-03-07,2025-07-03,"Nullam orci pede, venenatis non, sodales sed, tincidunt eu, felis."
448,2024-09-22,2024-11-27,Maecenas ut massa quis augue luctus tincidunt.
449,2025-04-10,2025-08-26,Praesent blandit lacinia erat. Vestibulum sed magna at nunc commodo placerat.
450,2024-07-05,2024-11-26,Nullam sit amet turpis elementum ligula vehicula consequat. Morbi a ipsum.
451,2024-08-22,2025-02-15,Praesent blandit lacinia erat.
452,2024-09-19,2025-01-23,Quisque id justo sit amet sapien dignissim vestibulum. Vestibulum ante ipsum primis in faucibus orci luctus et ultrices posuere cubilia Curae; Nulla dapibus dolor vel est.
453,2024-08-24,2024-11-17,Cras in purus eu magna vulputate luctus.
454,2024-09-21,2024-12-12,Curabitur convallis.
455,2024-05-05,2024-08-13,Aliquam quis turpis eget elit sodales scelerisque. Mauris sit amet eros.
456,2025-01-17,2025-06-28,Etiam pretium iaculis justo.
457,2025-03-23,2025-08-17,Etiam pretium iaculis justo.
458,2024-12-20,2025-06-04,Praesent blandit lacinia erat. Vestibulum sed magna at nunc commodo placerat.
459,2024-07-27,2024-10-01,In hac habitasse platea dictumst. Etiam faucibus cursus urna.
460,2024-05-06,2024-10-08,Morbi a ipsum.
461,2024-07-02,2024-12-04,Duis at velit eu est congue elementum. In hac habitasse platea dictumst.
462,2024-11-05,2025-03-20,Suspendisse accumsan tortor quis turpis. Sed ante.
463,2024-12-24,2025-02-28,"Nam congue, risus semper porta volutpat, quam pede lobortis ligula, sit amet eleifend pede libero quis orci."
464,2024-12-25,2025-06-23,"Cum sociis natoque penatibus et magnis dis parturient montes, nascetur ridiculus mus."
465,2025-03-06,2025-07-14,Vivamus in felis eu sapien cursus vestibulum.
466,2025-02-13,2025-07-17,"Donec odio justo, sollicitudin ut, suscipit a, feugiat et, eros."
467,2024-11-21,2025-05-13,"Proin leo odio, porttitor id, consequat in, consequat ut, nulla."
468,2024-12-31,2025-05-06,Donec ut mauris eget massa tempor convallis.
469,2024-11-30,2025-05-17,Vestibulum ante ipsum primis in faucibus orci luctus et ultrices posuere cubilia Curae; Nulla dapibus dolor vel est.
470,2024-11-17,2025-02-12,"Nulla neque libero, convallis eget, eleifend luctus, ultricies eu, nibh."
471,2024-10-26,2025-01-12,Vivamus vel nulla eget eros elementum pellentesque. Quisque porta volutpat erat.
472,2025-04-04,2025-06-08,Vestibulum rutrum rutrum neque.
473,2024-05-17,2024-10-22,Morbi vel lectus in quam fringilla rhoncus.
474,2025-04-06,2025-07-24,"Suspendisse ornare consequat lectus. In est risus, auctor sed, tristique in, tempus sit amet, sem."
475,2025-02-10,2025-04-16,"Vestibulum quam sapien, varius ut, blandit non, interdum in, ante. Vestibulum ante ipsum primis in faucibus orci luctus et ultrices posuere cubilia Curae; Duis faucibus accumsan odio."
476,2024-11-01,2025-04-05,Praesent blandit. Nam nulla.
477,2025-03-01,2025-07-20,"Curabitur in libero ut massa volutpat convallis. Morbi odio odio, elementum eu, interdum eu, tincidunt in, leo."
478,2024-10-02,2025-03-13,Ut at dolor quis odio consequat varius.
479,2024-07-25,2024-10-17,Nulla nisl. Nunc nisl.
480,2024-09-08,2025-02-24,Vestibulum rutrum rutrum neque. Aenean auctor gravida sem.
481,2024-10-23,2024-12-22,Vivamus in felis eu sapien cursus vestibulum.
482,2024-12-27,2025-05-16,"Phasellus id sapien in sapien iaculis congue. Vivamus metus arcu, adipiscing molestie, hendrerit at, vulputate vitae, nisl."
483,2024-11-03,2025-01-18,Integer ac neque. Duis bibendum.
484,2025-01-17,2025-04-20,"Aliquam augue quam, sollicitudin vitae, consectetuer eget, rutrum at, lorem. Integer tincidunt ante vel ipsum."
485,2024-05-21,2024-09-23,"Proin leo odio, porttitor id, consequat in, consequat ut, nulla."
486,2025-02-17,2025-08-04,"Cras mi pede, malesuada in, imperdiet et, commodo vulputate, justo."
487,2024-11-29,2025-02-01,Etiam pretium iaculis justo.
488,2024-11-13,2025-01-26,Duis at velit eu est congue elementum. In hac habitasse platea dictumst.
489,2024-05-04,2024-09-05,Quisque id justo sit amet sapien dignissim vestibulum.
490,2025-02-13,2025-08-12,Duis consequat dui nec nisi volutpat eleifend.
491,2024-06-06,2024-09-21,Integer tincidunt ante vel ipsum. Praesent blandit lacinia erat.
492,2024-07-22,2024-12-26,Nullam varius.
493,2025-04-15,2025-08-20,Donec posuere metus vitae ipsum. Aliquam non mauris.
494,2024-12-17,2025-04-03,Mauris lacinia sapien quis libero. Nullam sit amet turpis elementum ligula vehicula consequat.
495,2024-12-19,2025-03-24,Suspendisse potenti.
496,2024-11-23,2025-04-23,"In hac habitasse platea dictumst. Morbi vestibulum, velit id pretium iaculis, diam erat fermentum justo, nec condimentum neque sapien placerat ante."
497,2024-12-10,2025-04-02,Proin risus.
498,2024-05-13,2024-09-16,"Fusce posuere felis sed lacus. Morbi sem mauris, laoreet ut, rhoncus aliquet, pulvinar sed, nisl."
499,2024-11-16,2025-01-16,Integer tincidunt ante vel ipsum.
500,2024-08-17,2024-12-24,"Maecenas leo odio, condimentum id, luctus nec, molestie sed, justo. Pellentesque viverra pede ac diam."