personnel_ID,first_name,last_name,date_of_birth
1,Margit,Brede,6/8/2005
2,Lazaro,Hintze,10/5/2006
3,Isidoro,Chanter,8/27/2007
4,Hayward,Morsom,2/12/2006
5,Roderich,Tipling,2/18/2006
6,Milka,Lohmeyer,10/14/2004
7,Marylee,Breakey,4/26/2006
8,Karl,Francke,6/27/2005
9,Seymour,Crosetti,6/24/2004
10,Federico,Oakwell,5/12/2007
11,Peg,Rubury,3/15/2007
12,Tersina,Illingworth,4/26/2004
13,Davina,Chaffe,3/21/2005
14,Joby,Wards,5/24/2007
15,Karlene,Ordemann,9/16/2004
16,Fenelia,Ebben,9/18/2005
17,Florette,Stoute,11/16/2005
18,Ward,Chidgey,10/26/2006
19,Rickie,Crosby,12/14/2006
20,Gerick,Priddle,7/16/2006
21,Elane,Deere,6/17/2004
22,Edvard,Shorland,5/13/2006
23,Xever,Arnaldi,12/19/2005
24,Honor,Ridd,7/31/2007
25,Dusty,Menci,9/25/2004
26,Beryle,Dabinett,7/24/2006
27,Tildi,Pill,12/7/2004
28,Dorri,Fairholme,5/4/2006
29,Consuela,Ivankin,11/27/2006
30,Eyde,Hughlock,3/13/2007
31,Claus,Antunez,1/30/2007
32,Mildrid,Mawd,10/4/2006
33,Annmaria,McClenaghan,9/8/2005
34,Cris,Perham,9/3/2006
35,Massimo,Hawsby,3/23/2006
36,Murial,Larner,3/9/2005
37,Urbain,Soldi,5/26/2007
38,Danila,Bunker,3/29/2005
39,Paulette,Radolf,1/10/2005
40,Sibelle,Le Gassick,5/17/2004
41,Janaye,Wick,10/9/2005
42,Gunilla,Huie,12/13/2006
43,Lottie,Domico,1/21/2007
44,Justin,Dabner,4/24/2006
45,Gunilla,Ricardo,4/14/2005
46,Stanley,Duckit,5/6/2005
47,Drud,Hrus,11/12/2004
48,Sawyere,Jeanequin,6/13/2006
49,Spencer,Giovanni,11/30/2004
50,Bertina,Chill,1/19/2007
51,Darin,Latchmore,8/23/2006
52,Arluene,Dearnly,4/28/2007
53,Tadeas,Batten,10/20/2004
54,Berenice,Asey,8/13/2005
55,Vasili,Jeaffreson,7/25/2006
56,Dionis,Wales,10/3/2007
57,Adey,Jeaffreson,9/20/2007
58,Mozes,Stores,12/26/2007
59,Biron,Collinwood,5/18/2004
60,Ulberto,Quiddington,8/21/2007
61,Lusa,Schiell,10/20/2005
62,Antons,Creighton,6/21/2007
63,Marlin,Verzey,7/8/2007
64,Gypsy,Middis,2/28/2007
65,Fergus,Swatradge,11/23/2005
66,Reina,Voas,1/1/2006
67,Felix,Bachman,1/19/2005
68,Estrella,Olney,11/8/2005
69,Humbert,Dunbavin,10/9/2006
70,Nevile,Brazur,2/7/2005
71,Pietra,Kemwall,3/19/2005
72,Carolynn,Tubbles,3/20/2007
73,Nadiya,Hearnden,5/2/2004
74,Cindee,Ashley,9/23/2007
75,Seka,Ladel,3/25/2006
76,Cordelie,Yanin,8/4/2007
77,Marie-jeanne,Glanister,4/25/2006
78,Nye,Sumers,3/27/2004
79,Sayres,Braunton,10/15/2007
80,Grace,MacKeever,1/17/2005
81,Raddie,Cavy,8/8/2004
82,Theodore,Verna,2/13/2006
83,Berne,Pendle,9/24/2007
84,Faustine,Tithecott,3/19/2005
85,Catharina,Filimore,4/23/2005
86,Sophronia,Cottu,10/12/2005
87,Hayyim,Clayill,8/31/2004
88,Tine,Thorington,9/20/2007
89,Harcourt,Silberschatz,9/21/2004
90,Dun,Zeal,1/19/2007
91,Chlo,Duprey,12/15/2004
92,Tilly,Cameli,1/28/2005
93,Anna-maria,Rhoades,7/5/2007
94,Hamilton,Churcher,10/3/2007
95,Monte,Barrasse,1/1/2005
96,Forrester,Busst,3/8/2007
97,Moshe,Sandilands,4/13/2007
98,Karla,MacDonnell,3/30/2006
99,Clarisse,Beatty,4/27/2006
100,Hayyim,McFadin,7/13/2006
101,Emery,Harefoot,4/8/2007
102,Wini,Sawdon,4/9/2005
103,Theresita,Stonbridge,9/11/2004
104,Leonardo,O'Hickee,2/13/2007
105,Neala,Guinan,3/9/2004
106,Bailie,Matteucci,4/30/2007
107,Torrence,Ishchenko,8/15/2006
108,Coralie,Byrd,8/26/2007
109,Eolanda,Vidineev,3/18/2007
110,Patience,Styant,4/12/2005
111,Orion,Ledward,5/19/2005
112,Merrill,Lanaway,12/13/2004
113,Otha,Scoon,6/13/2004
114,Mag,Jays,1/16/2007
115,Todd,Branni,5/30/2004
116,Lazare,Ferries,8/19/2005
117,Linnea,Spry,7/24/2007
118,Arni,Goggin,9/6/2005
119,Desi,Durdle,12/30/2005
120,Cherish,Matissoff,8/15/2006
121,Jakob,Crockford,7/18/2005
122,Lil,Hearon,12/3/2004
123,Vivienne,Culpan,9/29/2004
124,Darnall,Berecloth,2/3/2006
125,Aloysius,Jorin,1/17/2006
126,Kaylyn,Kenningham,10/1/2004
127,Geno,Dundridge,1/17/2005
128,Lori,Briars,6/11/2005
129,Kamilah,Blaisdell,8/2/2005
130,Gertruda,Herley,7/15/2004
131,Celestia,McGaughay,11/20/2004
132,Torrance,Izkovicz,4/29/2006
133,Noreen,Chamley,10/27/2005
134,Sheelah,Withnall,4/19/2004
135,Annette,Bilyard,7/8/2004
136,Marrilee,Ohrtmann,5/19/2007
137,Kissie,Brissard,6/12/2007
138,Krishnah,Curl,11/4/2005
139,Dahlia,Scrimshaw,6/26/2005
140,Minni,Louth,11/13/2005
141,Maureen,Shervil,12/13/2005
142,Cherish,Campana,3/26/2006
143,Gwendolyn,Jeremaes,4/18/2005
144,Hermina,Spini,1/28/2004
145,Maurizio,Lamborne,6/8/2006
146,Drusi,Clow,12/16/2006
147,Aggy,Till,11/1/2006
148,Jinny,Deners,9/6/2006
149,Nikolai,Ellingsworth,10/12/2006
150,Samara,Charlick,5/3/2006
151,Gustave,Gives,6/13/2004
152,Nadean,Melia,6/22/2006
153,Guillemette,Bantick,12/8/2007
154,Almira,Scade,12/28/2005
155,Alistair,Kent,2/25/2004
156,Teirtza,McVaugh,5/30/2004
157,Tedra,Gounot,10/23/2005
158,Shelley,Jaquiss,6/18/2006
159,Tomi,Shelper,1/6/2005
160,Ermengarde,Keaveny,11/24/2004
161,Eimile,Sinclaire,12/26/2004
162,Rem,Tures,4/6/2005
163,Jean,Vigours,3/31/2007
164,Beatriz,McGinney,12/21/2006
165,Marice,Stamper,3/22/2007
166,Meredeth,Theurer,8/12/2007
167,Dorine,MacCartney,4/13/2005
168,Georgina,Shippard,3/4/2004
169,Calida,Smylie,7/31/2005
170,Amara,Scroxton,1/15/2004
171,Hunt,Letertre,3/20/2006
172,Maurizia,Kach,8/3/2007
173,Margareta,Sconce,6/16/2005
174,Breena,Joy,6/26/2006
175,Rosamund,Wisniowski,5/24/2005
176,Roselia,Paulitschke,8/4/2006
177,Brigg,Killimister,2/5/2006
178,Sydney,Chave,7/28/2005
179,Barnaby,Sheekey,4/26/2004
180,Faun,Liquorish,1/21/2006
181,Penrod,Bonome,10/8/2004
182,Elna,Haggas,8/8/2007
183,Veda,Phalip,8/29/2004
184,Louis,Watting,5/2/2004
185,Audrey,Nevison,4/25/2006
186,Peggy,Braunroth,9/11/2007
187,Mohandis,Swayne,9/16/2007
188,Rachelle,Bust,6/13/2007
189,Thelma,Fowlie,1/19/2005
190,Leilah,Coppens,9/1/2005
191,Billi,Brimilcombe,10/25/2005
192,Luis,O'Skehan,3/18/2007
193,Claudius,Boston,5/10/2004
194,Cob,Fownes,2/28/2007
195,Kanya,Pittel,4/30/2006
196,Valry,Benfield,6/21/2005
197,Gannie,Haggish,3/14/2006
198,Sutherlan,Toope,4/13/2005
199,Marabel,Matej,2/12/2006
200,Henriette,Hulls,3/1/2006
201,Verina,Harris,5/28/2004
202,Hamish,Crellim,2/5/2006
203,Annie,Scimone,4/27/2006
204,Noreen,Blaisdell,1/19/2004
205,Noell,Petken,4/3/2006
206,Madelin,Steuhlmeyer,5/7/2006
207,Jessica,Bark,3/21/2004
208,Thane,Jakubovicz,9/5/2004
209,Mavra,Mattocks,12/27/2004
210,Merci,Dake,3/24/2004
211,Kaia,Trubshawe,10/14/2006
212,Danyelle,Babar,5/15/2007
213,Em,Harlett,9/21/2004
214,Lorinda,Granville,8/13/2004
215,Erik,Ruse,1/11/2005
216,Pat,Probbin,11/2/2005
217,Alvan,Emanuele,9/3/2004
218,Ali,Alvarado,10/31/2007
219,Klement,Mahedy,9/28/2006
220,Thomasin,Waterfall,12/8/2005
221,Luz,Hundley,1/31/2007
222,Aurthur,Smaling,3/13/2006
223,Diena,Timny,10/5/2005
224,Sabina,Hugues,2/3/2004
225,Anett,Abthorpe,6/18/2006
226,Malena,Stienham,10/27/2005
227,Lewes,Tickner,7/16/2004
228,Dyan,Kingswold,5/30/2004
229,Pascale,Zelner,6/18/2006
230,Clarie,Iskower,5/19/2007
231,Merline,Emslie,4/8/2007
232,Estevan,Stein,10/14/2006
233,Odele,Tranckle,5/15/2005
234,Kory,Soal,7/3/2006
235,Zelma,Burrow,12/22/2006
236,Elane,Toppas,2/27/2004
237,Timofei,Brolechan,5/24/2006
238,Maribelle,Witham,11/22/2007
239,Kristofor,O'Cridigan,11/15/2007
240,Harold,Totman,12/30/2006
241,Mayor,Matthews,8/18/2005
242,Myrna,Elverston,5/3/2006
243,Amata,Troni,1/16/2006
244,Darda,Girauld,12/28/2005
245,Humphrey,Binham,7/24/2006
246,Hagan,Danilowicz,10/11/2006
247,Gibbie,Di Iorio,9/17/2004
248,Paddie,Heaseman,11/16/2005
249,Diena,Gage,2/11/2005
250,Pieter,Careless,3/2/2004
251,Darwin,McDonnell,12/29/2005
252,Frederik,Waymont,11/25/2006
253,Rutter,Eastby,10/13/2004
254,Rene,Dubois,12/7/2004
255,Maxi,Lutwidge,11/22/2007
256,Doreen,Olivelli,1/8/2006
257,Harry,Semper,4/27/2005
258,Hedwig,Bane,1/28/2007
259,Lettie,Shovlar,3/1/2004
260,Angelique,Chalmers,4/24/2005
261,Farlie,Riall,12/1/2006
262,Rodie,Olivier,6/21/2007
263,Boigie,Westerman,3/18/2007
264,Alla,Fillgate,2/8/2007
265,Mikkel,Kloster,5/9/2005
266,Leora,Mossdale,8/30/2006
267,Kasey,Gricewood,8/4/2006
268,Buck,Dedney,2/3/2007
269,Elfreda,Pursehouse,8/3/2005
270,Jolynn,Rabbatts,8/16/2004
271,Titos,Lashmar,3/21/2007
272,Merline,Scorey,7/2/2007
273,Sterne,Gradley,2/14/2006
274,Leonardo,Cubitt,1/6/2004
275,Cosette,Ing,9/15/2006
276,Pincus,Lehmann,2/27/2004
277,Carly,Cordobes,7/12/2007
278,Cordelie,Wade,1/20/2007
279,Dickie,Craydon,4/24/2004
280,Gwendolin,Beggin,10/3/2004
281,Aldis,Pounsett,12/16/2007
282,Blakeley,Bengal,12/13/2004
283,Cindelyn,Chadburn,2/8/2004
284,Florrie,Gwillyam,1/15/2005
285,Clemmie,Carmody,12/26/2004
286,Andras,Eble,1/28/2007
287,Jobyna,Duckwith,10/13/2004
288,Arabelle,Reyburn,3/10/2006
289,Adda,Strutton,10/16/2005
290,Margo,Legan,11/19/2004
291,Caldwell,Popland,7/3/2004
292,Emelina,Embra,7/18/2004
293,Jordan,Sweeting,4/16/2007
294,Clarisse,Berkowitz,11/30/2004
295,Cindy,Lenden,2/12/2006
296,Fayina,Sey,8/25/2006
297,Thekla,Denes,11/16/2007
298,Garrard,Ironmonger,7/9/2005
299,Rossy,Scrafton,6/5/2006
300,Britt,Sygroves,2/12/2007
301,Laney,Stener,4/14/2007
302,Laurence,Pargiter,11/13/2006
303,Rabi,McCrainor,7/23/2007
304,Shelden,Goodban,7/29/2005
305,Eolande,Rosenfarb,6/16/2005
306,Delia,Matthis,2/3/2007
307,Becki,Bountiff,12/13/2007
308,Westleigh,Mears,6/15/2005
309,Stephen,Hagland,2/4/2007
310,Abraham,Lillow,6/17/2006
311,Ahmed,Nand,9/1/2005
312,Miles,Jepperson,2/10/2006
313,Pet,Braitling,7/18/2005
314,Jareb,Chadburn,6/29/2005
315,Lana,Ducrow,3/25/2004
316,Ham,Ducarne,3/29/2006
317,Guinna,Rawle,11/6/2005
318,Berti,McLise,6/24/2006
319,Stanleigh,Phillipson,9/9/2004
320,Joachim,Patching,12/28/2007
321,Flori,Claypole,11/4/2007
322,Wilbur,Cicetti,6/28/2006
323,Zaneta,Oakinfold,5/31/2006
324,Alric,Yakovitch,7/16/2004
325,Ursuline,Orriss,8/8/2004
326,Farand,Offin,8/9/2005
327,Jeromy,Livezley,1/29/2006
328,Cate,Rainbird,10/14/2004
329,Lenore,Silley,9/22/2004
330,Glory,Deavin,4/3/2004
331,Mallissa,Hulke,6/13/2006
332,Novelia,Disbury,4/4/2006
333,Isa,Willcot,11/10/2005
334,Tarrance,Czadla,9/15/2006
335,Coletta,Botting,11/15/2005
336,Devy,Vigietti,8/29/2007
337,Raine,Gerald,12/3/2007
338,Franciska,Nye,10/10/2007
339,Ally,Ainge,8/7/2005
340,Bendix,Bowmaker,4/1/2005
341,Carolynn,Malkin,8/13/2006
342,Stevie,Moulsdale,6/6/2007
343,Jena,Perks,9/25/2006
344,Hillary,Yoskowitz,11/22/2005
345,Lanie,Jertz,9/30/2007
346,Gilemette,Wetherill,12/15/2006
347,Sherry,Easterbrook,5/10/2005
348,Padraig,Niaves,11/5/2007
349,Trixie,Stonebanks,12/17/2007
350,Daryle,Toulson,2/26/2007
351,Violette,Wooton,8/28/2004
352,Wandis,Rowlstone,4/9/2006
353,Kalie,Musk,8/13/2005
354,Rodge,Collimore,12/29/2005
355,Dud,Preddle,10/17/2007
356,Emanuele,Seif,6/14/2004
357,Rosemonde,Feifer,3/26/2005
358,Roda,Cicero,10/9/2005
359,Kennett,Nock,12/6/2004
360,Carole,Spincke,11/10/2005
361,Dewain,Gilloran,6/28/2006
362,Kylynn,Minard,11/29/2006
363,Cristobal,Gehrts,8/4/2007
364,Nerti,Hub,2/25/2006
365,Jennifer,Lamperd,5/8/2004
366,Charmane,Probin,6/2/2005
367,Land,Lymbourne,5/25/2005
368,Veronike,Gert,2/13/2005
369,Renata,Andreev,12/11/2004
370,Margo,Raye,1/16/2004
371,Son,Gunby,11/23/2005
372,Batholomew,Boatman,11/27/2004
373,Sigvard,Simmig,10/6/2007
374,Rosetta,Tissier,6/5/2004
375,Andee,Currall,6/7/2005
376,Liva,Jellman,4/27/2007
377,Deeanne,Josephs,4/30/2007
378,Wenona,Russel,6/3/2007
379,Galen,Vaughten,6/14/2005
380,Valma,Le Teve,12/29/2004
381,Twyla,McKeand,6/16/2007
382,Johannes,Fudger,3/2/2004
383,Michele,Grishanov,10/23/2005
384,Marissa,Hooks,2/26/2007
385,Rosie,Stabler,7/5/2004
386,Stanwood,Parlett,11/23/2007
387,Lionello,Westwater,8/16/2005
388,Peggy,Shapero,6/8/2006
389,Lucy,Christer,8/22/2006
390,Burk,Dillistone,8/19/2005
391,Geordie,Ledrane,1/4/2004
392,Dela,Barstock,3/9/2005
393,Bobby,Rembaud,6/19/2005
394,Barb,Ewells,11/8/2005
395,Godwin,McLoney,11/24/2004
396,Lela,Kemet,1/16/2004
397,Stacee,Philpault,8/6/2005
398,Lyndell,Ibbotson,4/21/2005
399,Barnard,Persitt,1/12/2006
400,Alfie,Crossland,2/3/2007
401,Lucias,Simyson,11/30/2007
402,Marje,Morling,9/27/2006
403,Susan,Hawson,6/4/2005
404,Giulio,Beers,10/5/2006
405,Inglis,Bambra,7/5/2004
406,Bellina,Baggett,6/26/2005
407,Korey,Everex,2/27/2005
408,Giusto,Lightwing,7/26/2004
409,Teddy,Woolf,2/16/2006
410,Lenore,Hards,6/12/2004
411,Lavinia,Dwelly,9/29/2004
412,Shirleen,Van Son,10/11/2005
413,Fayette,Barcroft,1/3/2006
414,Addi,MacGovern,4/30/2004
415,Fonzie,Swyer,8/7/2007
416,Christyna,Richter,8/26/2004
417,Kennedy,Almack,10/15/2005
418,Judy,Arblaster,7/1/2004
419,Philipa,Apedaile,1/8/2006
420,Jonathan,MacRannell,1/5/2006
421,Charlene,Selbach,1/2/2004
422,Darnall,Sheeran,4/17/2005
423,Nelson,Lendon,11/11/2006
424,Deva,Benkhe,8/6/2006
425,Georg,Perotti,8/3/2007
426,Cristine,Levitt,5/27/2006
427,Nappie,Borlease,3/30/2004
428,Leilah,Mitrovic,11/7/2004
429,Ulises,Bowcher,3/3/2006
430,Ado,Connochie,2/14/2004
431,Hamil,Lindeboom,4/10/2004
432,Jonell,Westmorland,5/27/2007
433,Pooh,Maccrae,1/15/2006
434,Leeann,Elderbrant,1/28/2004
435,Aldrich,Mapplethorpe,11/18/2005
436,Chrysa,Immings,12/22/2004
437,Trumaine,McCann,2/24/2005
438,Arv,Sidwell,9/13/2006
439,Rozalin,Iorillo,7/11/2006
440,Nisse,Richardson,11/14/2005
441,Carlynn,Kenway,7/30/2006
442,Pepillo,Wathan,10/7/2006
443,Toma,Grugerr,6/21/2004
444,Elly,Node,1/16/2004
445,Francisco,Hansie,12/1/2006
446,Veronique,Duggen,6/3/2005
447,Helli,Phalip,10/19/2004
448,Aylmar,Hollington,5/13/2006
449,Modestine,Girke,2/11/2005
450,Fritz,Kingsmill,5/29/2007
451,Herc,Gianettini,3/10/2006
452,Tiffy,Sherrington,10/27/2004
453,Urbanus,Giacopelo,4/15/2007
454,Lloyd,Dorant,1/18/2004
455,Stanly,Joannidi,11/11/2006
456,Lazar,Cotterill,11/19/2007
457,Katha,Marham,6/13/2004
458,Terrel,Canet,5/31/2004
459,Shelton,Bastistini,12/3/2005
460,Leela,Skellorne,9/2/2004
461,Fiann,Danilchev,7/21/2007
462,Moll,Futcher,7/30/2004
463,Brnaby,Phillip,10/30/2006
464,Granny,Seacroft,2/17/2004
465,Ardine,Sandbatch,1/24/2004
466,Dolley,Millsom,12/6/2007
467,Alene,Pachta,10/4/2004
468,Alanah,Elion,2/7/2006
469,Rasla,Cogdell,11/18/2006
470,Caspar,Hellmore,6/12/2007
471,Vin,Archambault,1/12/2004
472,Amalie,Sommerly,9/6/2007
473,Ardis,Brosius,5/2/2004
474,Cristin,Worters,7/29/2005
475,Bren,Wakenshaw,7/17/2005
476,Julian,Vaughn,11/17/2005
477,Orion,Rowlinson,12/24/2004
478,Timmi,Wallege,10/2/2005
479,Gar,Angrave,11/19/2004
480,Dael,Bestman,5/3/2004
481,Sibyl,Hurdedge,5/17/2004
482,Crin,Cretney,3/10/2006
483,Denni,Harrigan,6/26/2006
484,Monah,Constantinou,11/10/2005
485,Henrietta,Dayes,1/31/2007
486,Eunice,Clewarth,1/13/2004
487,Eal,Puddefoot,5/31/2005
488,Tiler,Heibl,5/14/2006
489,Shelbi,Elbourn,7/12/2006
490,Ardenia,Cantwell,2/2/2007
491,Buddy,Hellwich,6/12/2006
492,Nadiya,McCloch,2/17/2006
493,Hermon,Prickett,4/3/2007
494,Retha,Tryhorn,7/18/2007
495,Tandi,Mingaud,2/11/2004
496,Konstantine,Staterfield,5/10/2005
497,Fredia,Nore,2/1/2005
498,Wiley,Borland,7/6/2007
499,Brandy,Wandless,1/4/2004
500,Cathryn,Dennidge,3/2/2006
501,Barbabas,Du Hamel,3/8/2006
502,Kaylil,Palister,6/9/2007
503,Merell,Richold,12/6/2006
504,Hatty,Godbert,12/3/2006
505,Faunie,Kienzle,10/26/2006
506,Obie,Nisco,2/13/2007
507,Abeu,Churchman,7/30/2006
508,Elise,Domel,3/11/2005
509,Ofilia,Paroni,2/26/2007
510,Freddy,West-Frimley,1/10/2007
511,Garold,Logg,12/5/2004
512,Ahmed,Watson-Brown,10/24/2005
513,Guenevere,Silliman,6/23/2007
514,Denver,Iwanczyk,9/7/2004
515,Jo-anne,Vaney,1/6/2006
516,Drusie,Crim,1/20/2007
517,Loria,Aleksashin,2/16/2004
518,Ayn,Johnsee,7/20/2004
519,Emelita,Preshous,3/29/2007
520,Sal,Michael,8/23/2006
521,Conroy,Bratchell,9/13/2004
522,Lawrence,Grey,12/5/2007
523,Carver,D'Orsay,2/25/2004
524,Jennie,Book,12/30/2004
525,Willetta,Lyddon,9/14/2004
526,Loralyn,Corstorphine,9/2/2005
527,Mari,McCuish,5/21/2006
528,Antonietta,Snedker,10/9/2005
529,Sada,Fomichyov,5/1/2007
530,Joellen,Peyes,11/16/2004
531,Putnam,Douris,5/20/2007
532,Christean,Salandino,11/14/2006
533,Sella,Menchenton,3/15/2004
534,Felizio,Liverseege,8/31/2005
535,Brigham,Keuntje,5/1/2005
536,Glori,Manus,4/18/2005
537,Isaiah,Bonniface,12/7/2006
538,Chlo,Pogue,6/14/2005
539,Novelia,Boden,4/27/2007
540,Aubrey,Cutten,3/26/2005
541,Candy,Verdie,4/25/2004
542,Jamie,Feldbrin,9/20/2004
543,Clarissa,Ionn,3/10/2007
544,Jo ann,Banham,7/30/2006
545,Aldon,Pinnocke,1/9/2007
546,Robinett,Lodwig,10/2/2005
547,Randolph,di Rocca,11/27/2004
548,Nichol,Skrine,6/2/2007
549,Florance,Radbond,7/10/2005
550,Glynda,Ince,7/8/2004
551,Griswold,Bartomieu,9/27/2007
552,Sidnee,Darey,8/17/2005
553,Merrielle,Dubery,10/30/2007
554,Brett,Skitt,1/15/2007
555,Lanie,Hairsine,9/8/2006
556,Linnell,Faithfull,7/10/2006
557,Lotte,Carren,1/26/2007
558,Magdaia,Dacey,10/19/2004
559,Sheilakathryn,Mockler,6/2/2005
560,Shepard,Brockie,2/22/2006
561,Hobart,Skate,12/19/2007
562,Christoper,Mitchenson,5/7/2006
563,Isadore,Tiery,6/9/2005
564,Kyla,Baudts,11/29/2004
565,Carroll,Bridson,5/11/2007
566,Ambur,Beeho,9/19/2007
567,Orelee,Saltern,12/29/2007
568,Meryl,Kroll,1/26/2005
569,Allistir,Prewett,8/1/2006
570,Tish,Pierce,12/13/2005
571,Gustaf,Clixby,12/9/2004
572,Emery,Nozzolinii,7/13/2005
573,Lorilyn,Lineen,10/13/2006
574,Jesse,Dilleway,2/22/2007
575,Ted,Brasier,3/4/2005
576,Joby,Soar,9/6/2005
577,Esther,Edgcumbe,4/20/2005
578,Maryanne,Polamontayne,5/9/2006
579,Batsheva,Farnworth,4/2/2006
580,Emily,Skeates,8/14/2004
581,Theresa,Elgee,1/21/2006
582,Evelyn,Gillum,2/5/2006
583,Linus,Cordova,4/27/2006
584,Garwin,Buckles,1/10/2006
585,Evanne,Treharne,5/10/2004
586,Callie,Le Moucheux,1/19/2004
587,Domingo,Murt,9/29/2007
588,Zelig,Piscopiello,10/29/2005
589,Clarke,Lorence,5/16/2006
590,Chrisy,Charrier,6/24/2007
591,Nerta,Labadini,9/15/2007
592,Carolan,Shaxby,4/17/2005
593,Ailene,Antoni,1/25/2007
594,Leena,Elham,9/10/2005
595,Amalia,Danby,10/5/2005
596,Celestyn,Roches,8/7/2006
597,Rowe,Beceril,1/8/2007
598,Chalmers,Collie,8/13/2007
599,Mel,Smallthwaite,4/26/2005
600,Jacobo,Moyler,7/10/2005
601,Sly,Davet,9/30/2004
602,Salvador,Potapczuk,12/22/2005
603,Fawn,Heiden,11/18/2004
604,Reginald,D'orsay,1/5/2007
605,Darcy,Bradane,8/10/2005
606,Nell,Bothen,2/25/2005
607,Elane,Gorelli,3/28/2004
608,Christophorus,Guyonneau,1/22/2007
609,Zola,Briton,6/16/2004
610,Carrol,Carverhill,12/8/2005
611,Demetra,Stellino,10/19/2007
612,Alexi,Oleszcuk,4/4/2006
613,Lonnie,Pitford,1/31/2004
614,Joelly,Minster,8/20/2005
615,Hastie,Easterby,9/27/2006
616,Dori,Tartt,8/11/2007
617,Moses,Eckford,12/5/2005
618,Wendie,Ancliffe,4/9/2004
619,Jan,Dunican,2/1/2005
620,Helenelizabeth,Yurtsev,5/16/2006
621,Henrik,Getten,9/28/2007
622,Colet,Shawl,8/16/2006
623,Johny,Dyerson,2/16/2006
624,Vale,Jost,8/17/2007
625,Yovonnda,Caldow,4/18/2007
626,Derrik,Cristofari,10/7/2006
627,Cherry,Kraut,12/11/2007
628,Valene,Parsall,3/13/2004
629,Kathie,Sibbering,6/30/2005
630,Siegfried,Fozard,11/25/2004
631,Selig,Bottrill,2/14/2005
632,Taddeo,Diano,1/23/2005
633,Tanhya,Laraway,9/6/2004
634,Kerry,Garratty,12/30/2006
635,Flint,Thrussell,1/7/2004
636,Edgardo,Reitenbach,5/16/2007
637,Rodrick,Malimoe,4/18/2007
638,Bart,Jenckes,2/19/2007
639,Micky,Olesen,3/31/2007
640,Vanda,Stillgoe,8/7/2006
641,Barr,Nanelli,9/14/2005
642,Upton,Greenslade,1/29/2007
643,Marlin,Southworth,6/9/2007
644,Nealson,Battista,12/12/2005
645,Juanita,Ryce,4/29/2004
646,Jacynth,Sunock,6/13/2007
647,Stacey,Boothebie,2/26/2006
648,Humphrey,Lidster,3/12/2007
649,Olwen,Johnke,3/1/2004
650,Lucas,Galliver,6/18/2005
651,Dayna,Blandamore,2/10/2006
652,Alleen,Staite,9/25/2007
653,Carine,Bartalini,11/2/2004
654,Georg,Chattelaine,5/21/2006
655,Meggi,Brittian,12/9/2007
656,Jannel,Bawcock,9/21/2007
657,Willabella,Monkhouse,5/1/2007
658,Welsh,Blowfield,12/29/2005
659,Alicea,Penhale,2/12/2004
660,Katrina,Feeney,5/17/2006
661,Kenon,Mogenot,12/4/2006
662,Constantin,McBeth,6/22/2005
663,Leoline,Creaney,5/3/2004
664,Adrianna,McCrackan,5/9/2006
665,Brooke,Dawidowitz,5/29/2006
666,Locke,Burdett,4/27/2006
667,Ramona,Florez,8/1/2007
668,Gavan,Tibbits,4/7/2005
669,Seline,McCambrois,5/26/2004
670,Rodney,Telling,1/14/2007
671,Susan,Karpenya,7/20/2006
672,Auguste,Bebbell,4/11/2006
673,Nicolea,Lerohan,1/20/2006
674,Frannie,Clinning,2/11/2004
675,Clarance,Brunone,9/25/2007
676,Valaree,Willeson,1/19/2006
677,Giffard,Littleton,12/15/2005
678,Misty,Rabl,3/20/2005
679,Pearle,Danilchenko,10/4/2006
680,Dorrie,O'Fearguise,1/5/2005
681,Vanya,Downe,6/9/2004
682,Loren,O' Connell,3/16/2006
683,Derick,Newbegin,3/6/2005
684,Orsa,Lardnar,6/8/2006
685,Brooks,Bourrel,5/1/2006
686,Jehanna,Scarse,2/8/2004
687,Maureene,Huffer,4/19/2006
688,Shana,Beinke,10/22/2006
689,Packston,Annatt,5/19/2006
690,Whitby,Demangeot,12/19/2004
691,Gar,Windows,10/4/2004
692,Cordie,Vasenin,9/3/2005
693,Garth,Mewis,6/15/2007
694,Felecia,Dilston,9/15/2004
695,Gisela,Danks,1/20/2005
696,Susette,Balogun,9/17/2005
697,Berkly,Tuxell,1/24/2005
698,Timofei,Murrill,10/27/2004
699,Noni,Catton,8/14/2007
700,Rikki,Wilkenson,4/26/2007
701,Baily,Simak,4/15/2004
702,Wallas,Baleine,3/23/2005
703,Ailyn,Valsler,5/6/2005
704,Gretchen,Archard,1/11/2007
705,Vin,Layburn,11/5/2006
706,Rogerio,Thurbon,11/25/2006
707,Anissa,Peel,12/8/2005
708,Marga,By,1/7/2004
709,Novelia,Audus,2/1/2007
710,Tana,Skures,1/29/2007
711,Lorrin,Dansken,5/24/2006
712,Shem,Augustine,9/8/2004
713,Marv,Emmot,7/7/2005
714,Marin,Filyaev,2/5/2006
715,Kurt,Lumsdale,11/28/2005
716,Konstance,Dyne,2/27/2005
717,Marisa,Lummasana,6/30/2004
718,Alvina,Tuppeny,8/11/2004
719,Sherlocke,Pantridge,3/7/2006
720,Loutitia,Redolfi,8/20/2005
721,Ariana,Van Velde,2/16/2004
722,Maggee,Byers,11/5/2005
723,Mozelle,Pruce,12/2/2007
724,Hilary,Butters,11/9/2005
725,Wit,Stayte,6/25/2004
726,Randy,Mathewes,7/8/2004
727,Juieta,Riply,7/20/2006
728,Kellen,Bracher,2/8/2004
729,Nigel,Schelle,2/6/2004
730,Wilt,Nimmo,3/2/2007
731,Putnem,Burke,6/1/2006
732,Tedmund,Greeson,4/24/2005
733,Vivian,Stoffer,4/17/2004
734,Jenn,Raisbeck,10/11/2004
735,Hedda,Oxenham,8/4/2006
736,Rancell,Stickels,6/17/2004
737,Muhammad,Duck,9/15/2004
738,Giordano,Wroughton,6/28/2007
739,Wendall,Shirlaw,9/18/2005
740,Dani,Hollerin,8/16/2006
741,Costanza,Sancroft,7/22/2006
742,Myrwyn,Westnage,10/7/2006
743,Mei,Binyon,11/19/2007
744,Lionello,Gallimore,12/29/2007
745,Scotti,Milazzo,7/14/2006
746,Shantee,Drakes,12/24/2007
747,Luciano,Neale,5/27/2005
748,Fanechka,Lafaye,4/18/2007
749,Jarret,Jaycox,11/11/2004
750,Judith,Mouat,5/18/2004
751,Garland,Baraja,10/25/2006
752,Reggi,Kencott,5/5/2005
753,Aileen,Taaffe,12/22/2005
754,Jodi,O' Concannon,2/25/2005
755,Max,Ganderton,7/6/2007
756,Raven,Canny,1/9/2006
757,Tiphanie,Robarts,12/22/2005
758,Christoforo,Normand,8/31/2004
759,Cindra,Ridel,7/12/2004
760,Urbanus,Croasdale,1/6/2006
761,Andriette,Dy,6/24/2004
762,Correna,Bartlomiejczyk,11/21/2005
763,Zitella,Kennerknecht,2/14/2005
764,Codi,Bergeau,5/19/2006
765,Vernon,Mizzen,5/9/2004
766,Jourdain,Smitheram,3/20/2006
767,Arni,Eymer,4/23/2005
768,Vin,Stow,1/22/2007
769,Rickie,Cassie,2/10/2004
770,Clarinda,Allenson,10/23/2004
771,Lorrie,Fishbourne,10/31/2007
772,Siana,Miche,4/10/2004
773,Palm,Ellsbury,10/9/2004
774,Huey,Challens,4/9/2006
775,Hayley,Eyree,11/28/2004
776,Lombard,Hinners,1/19/2007
777,Briant,Joanaud,9/17/2007
778,Thor,Crosham,9/12/2006
779,Ruperto,Mongin,3/29/2006
780,Ludovico,Giraudoux,3/25/2005
781,Faydra,Brook,6/5/2006
782,Winfield,Proudman,6/2/2005
783,Charlotte,Debill,5/31/2007
784,Laryssa,Block,9/10/2007
785,Merrielle,Kettel,7/21/2006
786,Kippar,Cheake,10/13/2007
787,Barbe,Uccello,11/20/2005
788,Ottilie,Tousey,10/3/2005
789,Brett,Grouer,2/13/2004
790,Thorndike,Adolthine,4/2/2006
791,Gladys,Tait,6/10/2006
792,Carmon,Cottrill,1/11/2004
793,Jeanne,Burbury,2/4/2005
794,Tamra,Snuggs,6/29/2004
795,Ashli,Stannislawski,11/10/2005
796,Cordell,Brownrigg,4/12/2007
797,Ruben,Elleton,8/10/2007
798,Danie,Axell,1/23/2007
799,Nicolle,Tilne,4/16/2005
800,Forrester,Warn,9/23/2005
801,Bentley,Chisnall,8/22/2004
802,Blakelee,Gaythor,1/11/2006
803,Aylmer,Pidcock,5/25/2006
804,Jacquenette,McWard,6/17/2005
805,Rosamond,Despenser,8/7/2006
806,Stevana,Hufton,5/28/2005
807,Alfie,McShane,5/22/2007
808,Galvan,Elliston,11/8/2004
809,Berget,Entreis,1/24/2006
810,Carree,Slyvester,4/24/2006
811,Roberto,McRamsey,9/7/2004
812,Sisely,Mitchel,6/18/2006
813,Letitia,Vogel,6/13/2007
814,Sandi,Dargue,6/5/2007
815,Brigit,Callard,9/12/2006
816,Tatum,MacKnocker,4/29/2006
817,Guilbert,Albury,7/23/2007
818,Dyann,Devon,8/21/2004
819,Thebault,Othen,11/7/2007
820,Brunhilda,Whodcoat,10/6/2007
821,Clement,Evanson,3/27/2007
822,Gerrie,Eggar,7/27/2006
823,Aloin,Fritche,4/29/2004
824,Gawain,Machan,11/25/2004
825,Robena,Flowith,12/11/2006
826,Nessy,Gauford,4/20/2007
827,Sofie,Mahy,1/6/2007
828,Angeline,Rosenshine,7/4/2005
829,Link,Houseman,3/3/2007
830,Kristy,Rusk,10/14/2004
831,Celie,Tomblett,9/28/2007
832,Randy,Edgcumbe,4/8/2007
833,Kristina,Iorns,5/8/2006
834,Averell,Ibel,10/4/2007
835,Ibbie,Astman,8/22/2004
836,Rudolph,Deboo,3/12/2006
837,Millicent,Aleksidze,1/4/2006
838,Otha,Verne,12/25/2004
839,Kris,Costall,12/11/2006
840,Gwen,MacCaull,2/7/2006
841,Doris,Flippini,11/18/2007
842,Esta,Bucktharp,8/24/2004
843,Erhard,Oughtright,6/17/2005
844,Lynne,Basten,8/30/2005
845,Dorena,Howell,5/23/2006
846,Filippo,Iacovazzi,9/19/2007
847,Hebert,Penhall,6/16/2004
848,Roxane,Fildery,3/4/2004
849,Che,Khristoforov,7/23/2005
850,Evanne,Cyples,4/10/2005
851,Devi,Mansbridge,2/1/2007
852,Selia,Gocher,12/12/2007
853,Wilhelmina,Taylerson,4/9/2004
854,Leila,Sewards,2/2/2004
855,Iver,Abbett,9/26/2007
856,Alastair,Bartoszinski,11/1/2004
857,Meg,Houtbie,8/19/2007
858,Danita,Skitt,2/28/2006
859,Julienne,Heatherington,4/22/2005
860,Reynard,Betteson,1/21/2006
861,Addie,Birtwistle,2/15/2006
862,Gustie,Texton,9/8/2007
863,Jack,Zywicki,8/29/2006
864,Guillermo,Kleinberer,6/6/2006
865,Mil,Overland,4/21/2006
866,Frederica,Danilyak,7/5/2006
867,Matilda,Whaley,12/27/2006
868,Antonietta,Sewell,12/6/2006
869,Oswell,Clempton,2/24/2006
870,Paulie,Finlator,9/30/2005
871,Bidget,Eardley,4/11/2007
872,Bren,De Ferrari,7/6/2004
873,Martainn,L'Amie,11/29/2005
874,Delmer,Skillings,7/31/2007
875,Erwin,Pittham,10/23/2006
876,Tawnya,Startin,3/11/2006
877,Clay,Ainsley,1/11/2005
878,Terrie,Shanks,7/13/2006
879,Janaye,Agius,5/27/2005
880,Odele,Cock,5/14/2005
881,Sheilakathryn,Bellwood,3/30/2006
882,Ileana,Matuszak,8/17/2006
883,Powell,Macourek,10/11/2004
884,Richmond,Jobbing,8/13/2007
885,Zulema,Dumingos,3/14/2005
886,Hall,Nolot,8/8/2007
887,Bernadina,Beavan,9/30/2007
888,Harvey,McKearnen,7/16/2004
889,Mariele,Groundwater,6/14/2005
890,Felicio,Ramelet,12/30/2005
891,Dianna,Grand,3/20/2004
892,Junie,Puttick,2/16/2004
893,Raeann,Filip,8/13/2007
894,Brockie,Richly,9/4/2007
895,Teddie,MacKaig,7/10/2007
896,Dermot,Corde,12/23/2004
897,Wiatt,Beynon,12/21/2004
898,Brear,Munning,6/4/2005
899,Anne-marie,Daleman,2/13/2005
900,Edgardo,Brahams,2/21/2006
901,Andi,Sifleet,10/18/2005
902,Ferdy,Stanbridge,8/6/2006
903,Creigh,Sailor,1/16/2006
904,Bradly,Aseef,5/16/2005
905,Celestia,Meryett,5/3/2007
906,Noel,Gieves,1/16/2005
907,Frasier,Cattellion,1/25/2007
908,Trefor,Chooter,5/14/2006
909,Andras,Hodgets,10/22/2005
910,Jojo,Kindleysides,10/19/2007
911,Fernanda,MacCroary,4/2/2005
912,Xylina,Rolingson,4/7/2005
913,Issy,Sayward,1/11/2004
914,Elga,Daysh,6/9/2006
915,Leesa,Childes,4/19/2006
916,Yul,Tavernor,7/12/2006
917,April,McBrearty,6/21/2005
918,Powell,Arkle,3/31/2007
919,Marys,Clevely,2/2/2005
920,Francklin,Frayne,10/19/2004
921,Dynah,Mirrlees,3/2/2006
922,Bobby,Roughley,5/6/2006
923,Enrique,Smallpeice,6/19/2005
924,Merrie,Trillo,6/7/2004
925,Sofie,Simms,12/23/2005
926,Jean,McCallum,5/15/2005
927,Massimiliano,Giovannoni,10/20/2006
928,Dorise,Croucher,5/21/2007
929,Essy,Shingles,12/21/2006
930,Warner,Van Eeden,3/4/2006
931,Charisse,Saylor,2/19/2007
932,Humfrid,Capin,11/23/2007
933,Corene,Playfair,4/18/2005
934,Clemente,Iacofo,2/1/2005
935,Grant,Doust,5/11/2007
936,Alane,Nind,7/20/2005
937,Dionne,Guion,12/5/2004
938,Serene,Earland,10/22/2006
939,Dollie,Lintall,8/30/2006
940,Norbert,Keston,3/15/2005
941,Debi,Anstice,10/6/2005
942,Ainsley,Oganian,1/9/2005
943,Nerita,Brunnstein,10/19/2005
944,Logan,Tipper,10/14/2007
945,Gratia,Firbanks,9/23/2004
946,Walker,Reedyhough,8/12/2007
947,Cass,Burges,7/15/2007
948,Betta,Monson,1/23/2006
949,Baxie,MacWilliam,6/18/2006
950,Elfie,Loseke,10/19/2005
951,Shelby,McAughtry,4/7/2004
952,Lisbeth,Boodell,6/20/2004
953,Sydney,Lalor,11/17/2005
954,Elke,Spalding,5/1/2004
955,Beverley,Baudy,12/26/2007
956,Stacy,Martinello,3/20/2006
957,Ignazio,Itzak,5/10/2004
958,Elise,Plester,4/10/2007
959,Garnet,O'Kenny,7/11/2004
960,Suki,MacGahey,4/24/2006
961,Kristal,Shimuk,4/16/2004
962,Edouard,Muddicliffe,2/18/2005
963,Reagan,Travers,5/22/2005
964,Burlie,Berkely,2/22/2004
965,Godfree,Cruft,11/1/2005
966,Remus,Morling,3/9/2004
967,Debbi,Londsdale,8/13/2004
968,Rose,Janout,11/21/2007
969,Trista,Matiewe,8/6/2006
970,Cristine,Bigg,11/20/2006
971,Iolanthe,Masding,10/14/2007
972,Gerald,Challen,6/13/2006
973,Nelly,Garrard,6/3/2004
974,Antin,Satterley,4/28/2004
975,Johna,Glason,12/9/2004
976,Letisha,Lowery,9/30/2006
977,Giorgi,Tilson,5/26/2007
978,Osbourne,Dewick,11/9/2005
979,Kathryne,Wilds,8/18/2007
980,Gilbertine,Goodrick,2/23/2004
981,Augustine,Keyse,7/14/2004
982,Robinette,Grut,7/12/2007
983,Caryn,Jados,1/18/2004
984,Virge,Lain,10/14/2007
985,Meggi,Hallibone,1/6/2006
986,Karola,Emery,3/22/2004
987,Carolee,Steeples,1/11/2005
988,Jeane,Swanborrow,3/26/2006
989,Tammie,Hourahan,2/15/2006
990,Carlota,Wisden,11/18/2006
991,Carine,Sammes,4/24/2007
992,Vaughan,Orchard,9/19/2004
993,Leese,Pearce,1/5/2006
994,Thornton,Olohan,1/9/2004
995,Norrie,Ranns,1/10/2005
996,Angela,Stockell,11/26/2006
997,Isabelita,Darker,11/28/2006
998,Karole,Wycherley,6/11/2007
999,Merridie,Gates,1/30/2007
1000,Doug,McDiarmid,12/25/2004
